<?xml version="1.0" encoding="UTF-8"?>
<beans default-autowire="byName">
	
	<bean id="designerDAO" class="cb_hrms.model.designer.DesignerDAO" singleton="false">
		<constructor-arg name="dsnBean"><ref bean="datasourceBean"/></constructor-arg>
	</bean>
	<bean id="designerService" class="cb_hrms.model.designer.DesignerService" singleton="false">
		<constructor-arg name="designerDAO"><ref bean="designerDAO"/></constructor-arg>
		<constructor-arg name="ModelBasePath"><value>${ModelBasePath}</value></constructor-arg>
	</bean>
	
</beans>
