<?xml version="1.0" encoding="UTF-8"?>
<beans default-autowire="byName">
	<bean id="ioGroupSettingBean" class="cb_hrms.model.io.ioGroupSetting.ioGroupSettingBean" singleton="false"></bean>
	
	<bean id="ioGroupSettingDAO" class="cb_hrms.model.io.ioGroupSetting.ioGroupSettingDAO" singleton="false">
		<constructor-arg name="dsnBean"><ref bean="datasourceBean"/></constructor-arg>
	</bean>
	
	<bean id="ioGroupSettingService" class="cb_hrms.model.io.ioGroupSetting.ioGroupSettingService" singleton="false">
		<constructor-arg name="ioGroupSettingDAO"><ref bean="ioGroupSettingDAO"/></constructor-arg>
		<constructor-arg name="ModelBasePath"><value>${ModelBasePath}</value></constructor-arg>
	</bean>
	
	<bean id="ioGroupMappingBean" class="cb_hrms.model.io.ioGroupMapping.ioGroupMappingBean" singleton="false"></bean>
	
	<bean id="ioGroupMappingDAO" class="cb_hrms.model.io.ioGroupMapping.ioGroupMappingDAO" singleton="false">
		<constructor-arg name="dsnBean"><ref bean="datasourceBean"/></constructor-arg>
	</bean>
	
	<bean id="ioGroupMappingService" class="cb_hrms.model.io.ioGroupMapping.ioGroupMappingService" singleton="false">
		<constructor-arg name="ioGroupMappingDAO"><ref bean="ioGroupMappingDAO"/></constructor-arg>
		<constructor-arg name="ModelBasePath"><value>${ModelBasePath}</value></constructor-arg>
	</bean>
	
	<bean id="ioImportBean" class="cb_hrms.model.io.ioImport.ioImportBean" singleton="false"></bean>
	
	<bean id="ioImportDAO" class="cb_hrms.model.io.ioImport.ioImportDAO" singleton="false">
		<constructor-arg name="dsnBean"><ref bean="datasourceBean"/></constructor-arg>
	</bean>
	
	<bean id="ioImportService" class="cb_hrms.model.io.ioImport.ioImportService" singleton="false">
		<constructor-arg name="ioImportDAO"><ref bean="ioImportDAO"/></constructor-arg>
		<constructor-arg name="ModelBasePath"><value>${ModelBasePath}</value></constructor-arg>
	</bean>
	
	<bean id="ioImportHistoryBean" class="cb_hrms.model.io.ioImportHistory.ioImportHistoryBean" singleton="false"></bean>
	
	<bean id="ioImportHistoryDAO" class="cb_hrms.model.io.ioImportHistory.ioImportHistoryDAO" singleton="false">
		<constructor-arg name="dsnBean"><ref bean="datasourceBean"/></constructor-arg>
	</bean>
	
	<bean id="ioImportHistoryService" class="cb_hrms.model.io.ioImportHistory.ioImportHistoryService" singleton="false">
		<constructor-arg name="ioImportHistoryDAO"><ref bean="ioImportHistoryDAO"/></constructor-arg>
		<constructor-arg name="ModelBasePath"><value>${ModelBasePath}</value></constructor-arg>
	</bean>
	<!--IO END **************************************************************************************************** -->
	
	<!-- written by system at {ts '2011-04-19 13:44:53'} -->
	<bean id="sysiosecurityBean" class="cb_hrms.model.io.sysIoSecurity.sysIoSecurityBean" singleton="false"></bean>
	
	<!-- written by system at {ts '2011-04-19 13:44:58'} -->
	<bean id="sysiosecurityDAO" class="cb_hrms.model.io.sysIoSecurity.sysIoSecurityDAO" singleton="false">
		<constructor-arg name="dsnBean"><ref bean="datasourceBean"/></constructor-arg>
	</bean>
	
	<!-- written by system at {ts '2011-04-19 13:45:01'} -->
	<bean id="sysiosecurityService" class="cb_hrms.model.io.sysIoSecurity.sysIoSecurityService" singleton="false">
		<constructor-arg name="sysIoSecurityDAO"><ref bean="sysiosecurityDAO"/></constructor-arg>
		<constructor-arg name="ModelBasePath"><value>${ModelBasePath}</value></constructor-arg>
	</bean>
	
	<!-- written by system at {ts '2011-04-19 13:45:12'} -->
	<bean id="sysiosecuritydetailBean" class="cb_hrms.model.io.sysIoSecurityDetail.sysIoSecurityDetailBean" singleton="false"></bean>
	
	<!-- written by system at {ts '2011-04-19 13:45:15'} -->
	<bean id="sysiosecuritydetailDAO" class="cb_hrms.model.io.sysIoSecurityDetail.sysIoSecurityDetailDAO" singleton="false">
		<constructor-arg name="dsnBean"><ref bean="datasourceBean"/></constructor-arg>
	</bean>
	
	<!-- written by system at {ts '2011-04-19 13:45:18'} -->
	<bean id="sysiosecuritydetailService" class="cb_hrms.model.io.sysIoSecurityDetail.sysIoSecurityDetailService" singleton="false">
		<constructor-arg name="sysIoSecurityDetailDAO"><ref bean="sysiosecuritydetailDAO"/></constructor-arg>
		<constructor-arg name="ModelBasePath"><value>${ModelBasePath}</value></constructor-arg>
	</bean>
</beans>