<?xml version="1.0" encoding="UTF-8"?>
<beans default-autowire="byName">
	
	<bean id="nioDAO" class="cb_hrms.model.nio.NioDAO" singleton="false">
		<constructor-arg name="dsnBean"><ref bean="datasourceBean"/></constructor-arg>
	</bean>
	
	<bean id="nioService" class="cb_hrms.model.nio.NioService" singleton="false">
		<constructor-arg name="nioDAO"><ref bean="nioDAO"/></constructor-arg>
		<constructor-arg name="ModelBasePath"><value>${ModelBasePath}</value></constructor-arg>
	</bean>
	
</beans>