<?xml version="1.0" encoding="UTF-8"?>
<beans default-autowire="byName">
	
	<bean id="securityInterceptorDAO" class="cb_hrms.model.system.securityInterceptor.securityInterceptorDAO" singleton="false">
		<constructor-arg name="dsnBean"><ref bean="datasourceBean"/></constructor-arg>
	</bean>
	
	<bean id="securityInterceptorService" class="cb_hrms.model.system.securityInterceptor.securityInterceptorService" singleton="false">
		<constructor-arg name="securityInterceptorDAO"><ref bean="securityInterceptorDAO"/></constructor-arg>
		<constructor-arg name="ModelBasePath"><value>${ModelBasePath}</value></constructor-arg>
	</bean>
	
</beans>