<?xml version="1.0" encoding="UTF-8"?>
<beans default-autowire="byName">
	<bean id="hrTransaction" class="cb_hrms.model.transaction.hrTransaction.hrTransactionDao" singleton="false">
		<constructor-arg name="dsnBean"><ref bean="datasourceBean"/></constructor-arg>
	</bean>
	<bean id="hrTransactionDao" class="cb_hrms.model.transaction.hrTransaction.hrTransactionDao" singleton="false">
		<constructor-arg name="dsnBean"><ref bean="datasourceBean"/></constructor-arg>
	</bean>
	<bean id="hrTransactionService" class="cb_hrms.model.transaction.hrTransaction.hrTransactionService" singleton="false">
		<constructor-arg name="hrTransactionDao"><ref bean="hrTransactionDao"/></constructor-arg>
		<constructor-arg name="ModelBasePath"><value>${ModelBasePath}</value></constructor-arg>
	</bean>
	
	<bean id="hrTransactionItems" class="cb_hrms.model.transaction.hrTransactionItems.hrTransactionItemsDao" singleton="false">
		<constructor-arg name="dsnBean"><ref bean="datasourceBean"/></constructor-arg>
	</bean>
	<bean id="hrTransactionItemsDao" class="cb_hrms.model.transaction.hrTransactionItems.hrTransactionItemsDao" singleton="false">
		<constructor-arg name="dsnBean"><ref bean="datasourceBean"/></constructor-arg>
	</bean>
	<bean id="hrTransactionItemsService" class="cb_hrms.model.transaction.hrTransactionItems.hrTransactionItemsService" singleton="false">
		<constructor-arg name="hrTransactionItemsDao"><ref bean="hrTransactionItemsDao"/></constructor-arg>
		<constructor-arg name="ModelBasePath"><value>${ModelBasePath}</value></constructor-arg>
	</bean>
	
	<bean id="hrChangeItems" class="cb_hrms.model.transaction.hrChangeItems.hrChangeItemsDao" singleton="false">
		<constructor-arg name="dsnBean"><ref bean="datasourceBean"/></constructor-arg>
	</bean>
	<bean id="hrChangeItemsDao" class="cb_hrms.model.transaction.hrChangeItems.hrChangeItemsDao" singleton="false">
		<constructor-arg name="dsnBean"><ref bean="datasourceBean"/></constructor-arg>
	</bean>
	<bean id="hrChangeItemsService" class="cb_hrms.model.transaction.hrChangeItems.hrChangeItemsService" singleton="false">
		<constructor-arg name="hrChangeItemsDao"><ref bean="hrChangeItemsDao"/></constructor-arg>
		<constructor-arg name="ModelBasePath"><value>${ModelBasePath}</value></constructor-arg>
	</bean>
	
	
	<bean id="hrActions" class="cb_hrms.model.action.hrActions.hrActionsDao" singleton="false">
		<constructor-arg name="dsnBean"><ref bean="datasourceBean"/></constructor-arg>
	</bean>
	<bean id="hrActionsDao" class="cb_hrms.model.action.hrActions.hrActionsDao" singleton="false">
		<constructor-arg name="dsnBean"><ref bean="datasourceBean"/></constructor-arg>
	</bean>
	<bean id="hrActionsService" class="cb_hrms.model.action.hrActions.hrActionsService" singleton="false">
		<constructor-arg name="hrActionsDao"><ref bean="hrActionsDao"/></constructor-arg>
		<constructor-arg name="ModelBasePath"><value>${ModelBasePath}</value></constructor-arg>
	</bean>
	
	<bean id="hrActionReasons" class="cb_hrms.model.action.hrActionReasons.hrActionReasonsDao" singleton="false">
		<constructor-arg name="dsnBean"><ref bean="datasourceBean"/></constructor-arg>
	</bean>
	<bean id="hrActionReasonsDao" class="cb_hrms.model.action.hrActionReasons.hrActionReasonsDao" singleton="false">
		<constructor-arg name="dsnBean"><ref bean="datasourceBean"/></constructor-arg>
	</bean>
	<bean id="hrActionReasonsService" class="cb_hrms.model.action.hrActionReasons.hrActionReasonsService" singleton="false">
		<constructor-arg name="hrActionReasonsDao"><ref bean="hrActionReasonsDao"/></constructor-arg>
		<constructor-arg name="ModelBasePath"><value>${ModelBasePath}</value></constructor-arg>
	</bean>
	
</beans>