<?xml version="1.0" encoding="UTF-8"?>
<beans default-autowire="byName">
	
	<bean id="actionLogDAO" class="cb_hrms.model.system.actionLog.actionLogDAO" singleton="false">
		<constructor-arg name="dsnBean"><ref bean="datasourceBean"/></constructor-arg>
	</bean>
	
	<bean id="actionLogService" class="cb_hrms.model.system.actionLog.actionLogService" singleton="false">
		<constructor-arg name="actionLogDAO"><ref bean="actionLogDAO"/></constructor-arg>
		<constructor-arg name="ModelBasePath"><value>${ModelBasePath}</value></constructor-arg>
	</bean>
	
</beans>