<?xml version="1.0" encoding="UTF-8"?>
<beans default-autowire="byName">
	<bean id="schedulersDAO"
		class="cb_hrms.model.scheduler.schedulersDAO" singleton="false">
		<constructor-arg name="dsnBean">
			<ref bean="datasourceBean"/>
		</constructor-arg>
	</bean>	
	<bean id="schedulersService"
		class="cb_hrms.model.scheduler.schedulersService" singleton="true">
		<constructor-arg name="schedulersDAO">
			<ref bean="schedulersDAO"/>
		</constructor-arg>
		<constructor-arg name="ModelBasePath">
			<value>${ModelBasePath}</value>
		</constructor-arg>
	</bean>				
	<bean id="schedulerEventsDAO"
		class="cb_hrms.model.scheduler.schedulerEventsDAO" singleton="false">
		<constructor-arg name="dsnBean">
			<ref bean="datasourceBean"/>
		</constructor-arg>
	</bean>		
	<bean id="schedulerEventsService"
		class="cb_hrms.model.scheduler.schedulerEventsService" singleton="true">
		<constructor-arg name="schedulerEventsDAO">
			<ref bean="schedulerEventsDAO"/>
		</constructor-arg>
		<constructor-arg name="ModelBasePath">
			<value>${ModelBasePath}</value>
		</constructor-arg>
	</bean>			
	
	<bean id="rosterBean" class="cb_hrms.model.HR_Attendance.roster.beans.rosterBean" singleton="false"></bean>

	<bean id="rosterDAO" class="cb_hrms.model.HR_Attendance.roster.dao.rosterDAO" singleton="false">
		<constructor-arg name="dsnBean"><ref bean="datasourceBean" /></constructor-arg>
	</bean>

	<bean id="rosterService" class="cb_hrms.model.HR_Attendance.roster.services.rosterService" singleton="false">
		<constructor-arg name="rosterDAO"><ref bean="rosterDAO" /></constructor-arg>
		<constructor-arg name="ModelBasePath"><value>${ModelBasePath}</value></constructor-arg>
	</bean>
	
	<bean id="resultadjustment_resultadjustmentBean" class="cb_hrms.model.HR_Attendance.ResultAdjustment.beans.resultAdjustmentBean" singleton="false"></bean>
		
	<bean id="resultadjustment_resultadjustmentDAO" class="cb_hrms.model.HR_Attendance.ResultAdjustment.dao.resultAdjustmentDAO" singleton="false">
		<constructor-arg name="dsnBean"><ref bean="datasourceBean"/></constructor-arg>
	</bean>
		
	<bean id="resultadjustment_resultadjustmentService" class="cb_hrms.model.HR_Attendance.ResultAdjustment.services.resultAdjustmentService" singleton="false">
		<constructor-arg name="resultAdjustmentDAO"><ref bean="resultadjustment_resultadjustmentDAO"/></constructor-arg>
		<constructor-arg name="ModelBasePath"><value>${ModelBasePath}</value></constructor-arg>
	</bean>
	
	<bean id="hr_at_result_hr_at_resultBean" class="cb_hrms.model.HR_Attendance.HR_AT_RESULT.beans.hR_AT_RESULTBean" singleton="false"></bean>
	
	<bean id="hr_at_result_hr_at_resultDAO" class="cb_hrms.model.HR_Attendance.HR_AT_RESULT.dao.hR_AT_RESULTDAO" singleton="false">
		<constructor-arg name="dsnBean"><ref bean="datasourceBean" /></constructor-arg>
	</bean>
	
	<bean id="hr_at_result_hr_at_resultService" class="cb_hrms.model.HR_Attendance.HR_AT_RESULT.services.hR_AT_RESULTService" singleton="false">
		<constructor-arg name="hR_AT_RESULTDAO"><ref bean="hr_at_result_hr_at_resultDAO" /></constructor-arg>
		<constructor-arg name="ModelBasePath"><value>${ModelBasePath}</value></constructor-arg>
	</bean>
	
	<bean id="hr_at_daily_rec_hr_at_daily_recBean" class="cb_hrms.model.HR_Attendance.HR_AT_DAILY_REC.beans.hR_AT_DAILY_RECBean" singleton="false"></bean>
	
	<bean id="hr_at_daily_rec_hr_at_daily_recDAO" class="cb_hrms.model.HR_Attendance.HR_AT_DAILY_REC.dao.hR_AT_DAILY_RECDAO" singleton="false">
		<constructor-arg name="dsnBean"><ref bean="datasourceBean" /></constructor-arg>
	</bean>
	
	<bean id="hr_at_daily_rec_hr_at_daily_recService" class="cb_hrms.model.HR_Attendance.HR_AT_DAILY_REC.services.hR_AT_DAILY_RECService" singleton="false">
		<constructor-arg name="hR_AT_DAILY_RECDAO"><ref bean="hr_at_daily_rec_hr_at_daily_recDAO" /></constructor-arg>
		<constructor-arg name="ModelBasePath"><value>${ModelBasePath}</value></constructor-arg>
	</bean>
	
	<bean id="ATImportDAO" class="cb_hrms.model.HR_Attendance.atCal.dao.ATImportDAO" singleton="false">
		<constructor-arg name="dsnBean"><ref bean="datasourceBean"/></constructor-arg>
	</bean>
	
	<bean id="ATImportService" class="cb_hrms.model.HR_Attendance.atCal.services.ATImportService" singleton="false">
		<constructor-arg name="ATImportDAO"><ref bean="ATImportDAO"/></constructor-arg>
		<constructor-arg name="ModelBasePath"><value>${ModelBasePath}</value></constructor-arg>
	</bean>
	
	<bean id="shiftPolicyBean" class="cb_hrms.model.HR_Attendance.shiftPolicy.beans.shiftPolicyBean" singleton="false"></bean>

	<bean id="shiftPolicyDAO" class="cb_hrms.model.HR_Attendance.shiftPolicy.dao.shiftPolicyDAO" singleton="false">
		<constructor-arg name="dsnBean"><ref bean="datasourceBean" /></constructor-arg>
	</bean>

	<bean id="shiftPolicyService" class="cb_hrms.model.HR_Attendance.shiftPolicy.services.shiftPolicyService" singleton="false">
		<constructor-arg name="shiftPolicyDAO"><ref bean="shiftPolicyDAO" /></constructor-arg>
		<constructor-arg name="ModelBasePath"><value>${ModelBasePath}</value></constructor-arg>
	</bean>
	
	<bean id="ATCalDAO" class="cb_hrms.model.HR_Attendance.atCal.dao.ATCalDAO" singleton="false">
		<constructor-arg name="dsnBean"><ref bean="datasourceBean" /></constructor-arg>
	</bean>
	
	<bean id="ATCalService" class="cb_hrms.model.HR_Attendance.atCal.services.ATCalService" singleton="false">
		<constructor-arg name="ATCalDAO"><ref bean="ATCalDAO" /></constructor-arg>
		<constructor-arg name="ModelBasePath"><value>${ModelBasePath}</value></constructor-arg>
	</bean>
	
</beans>
