<?xml version="1.0" encoding="UTF-8"?>
<beans default-autowire="byName">
	
	<bean id="cloudStaticPageAdminDAO" class="cb_hrms.model.cloudStaticPage.cloudStaticPageAdminDAO" singleton="false">
		<constructor-arg name="dsnBean"><ref bean="datasourceBean"/></constructor-arg>
	</bean>
	
	<bean id="cloudStaticPageAdminService" class="cb_hrms.model.cloudStaticPage.cloudStaticPageAdminService" singleton="false">
		<constructor-arg name="cloudStaticPageAdminDAO"><ref bean="cloudStaticPageAdminDAO"/></constructor-arg>
		<constructor-arg name="ModelBasePath"><value>${ModelBasePath}</value></constructor-arg>
	</bean>
	
</beans>