<?xml version="1.0" encoding="UTF-8"?>
<beans default-autowire="byName">
	
	<!-- emplMaster -->
	
	<bean id="emplMasterDAO" class="cb_hrms.model.ess.leave.emplMaster.emplMasterDAO" singleton="false">
		<constructor-arg name="dsnBean"><ref bean="datasourceBean"/></constructor-arg>
	</bean>
	<bean id="emplMasterService" class="cb_hrms.model.ess.leave.emplMaster.emplMasterService" singleton="false">
		<constructor-arg name="emplMasterDAO"><ref bean="emplMasterDAO"/></constructor-arg>
		<constructor-arg name="ModelBasePath"><value>${ModelBasePath}</value></constructor-arg>
	</bean>
	
	
	<!-- leavePlanner -->
	
	<bean id="leavePlannerDAO" class="cb_hrms.model.ess.leave.leavePlanner.leavePlannerDAO" singleton="false">
		<constructor-arg name="dsnBean"><ref bean="datasourceBean"/></constructor-arg>
	</bean>
	<bean id="leavePlannerService" class="cb_hrms.model.ess.leave.leavePlanner.leavePlannerService" singleton="false">
		<constructor-arg name="leavePlannerDAO"><ref bean="leavePlannerDAO"/></constructor-arg>
		<constructor-arg name="ModelBasePath"><value>${ModelBasePath}</value></constructor-arg>
	</bean>
</beans>
