<?xml version="1.0" encoding="UTF-8"?>
<beans default-autowire="byName">
	
	<!-- Email -->
	<bean id="emailConfDAO" class="cb_hrms.model.email.EmailConfDAO" singleton="false">
		<constructor-arg name="dsnBean"><ref bean="datasourceBean"/></constructor-arg>
	</bean>
	<bean id="emailConfService" class="cb_hrms.model.email.EmailConfService" singleton="false">
		<constructor-arg name="emailConfDAO"><ref bean="emailConfDAO"/></constructor-arg>
		<constructor-arg name="ModelBasePath"><value>${ModelBasePath}</value></constructor-arg>
	</bean>
	
	<bean id="emailTemplateDAO" class="cb_hrms.model.email.EmailTemplateDAO" singleton="false">
		<constructor-arg name="dsnBean"><ref bean="datasourceBean"/></constructor-arg>
	</bean>
	<bean id="emailTemplateService" class="cb_hrms.model.email.EmailTemplateService" singleton="false">
		<constructor-arg name="emailTemplateDAO"><ref bean="emailTemplateDAO"/></constructor-arg>
		<constructor-arg name="ModelBasePath"><value>${ModelBasePath}</value></constructor-arg>
	</bean>
		
	<bean id="emailDAO" class="cb_hrms.model.email.EmailDAO" singleton="false">
		<constructor-arg name="dsnBean"><ref bean="datasourceBean"/></constructor-arg>
	</bean>
	<bean id="emailService" class="cb_hrms.model.email.EmailService" singleton="false">
		<constructor-arg name="emailDAO"><ref bean="emailDAO"/></constructor-arg>
		<constructor-arg name="ModelBasePath"><value>${ModelBasePath}</value></constructor-arg>
	</bean>
	
	<bean id="emailSendLogDAO" class="cb_hrms.model.email.EmailSendLogDAO" singleton="false">
		<constructor-arg name="dsnBean"><ref bean="datasourceBean"/></constructor-arg>
	</bean>
	<bean id="emailSendLogService" class="cb_hrms.model.email.EmailSendLogService" singleton="false">
		<constructor-arg name="emailSendLogDAO"><ref bean="emailSendLogDAO"/></constructor-arg>
		<constructor-arg name="ModelBasePath"><value>${ModelBasePath}</value></constructor-arg>
	</bean>
	
	<bean id="emailVarLangDAO" class="cb_hrms.model.email.EmailVarLangDAO" singleton="false">
		<constructor-arg name="dsnBean"><ref bean="datasourceBean"/></constructor-arg>
	</bean>
	<bean id="emailVarLangService" class="cb_hrms.model.email.EmailVarLangService" singleton="false">
		<constructor-arg name="emailVarLangDAO"><ref bean="emailVarLangDAO"/></constructor-arg>
		<constructor-arg name="ModelBasePath"><value>${ModelBasePath}</value></constructor-arg>
	</bean>
	
</beans>
