<?xml version="1.0" encoding="UTF-8"?>
<beans default-autowire="byName">
	
	<bean id="formulaBuilderDAO" class="cb_hrms.model.formulaBuilder.FormulaBuilderDAO" singleton="false">
		<constructor-arg name="dsnBean"><ref bean="datasourceBean"/></constructor-arg>
	</bean>
	
	<bean id="formulaBuilderService" class="cb_hrms.model.formulaBuilder.FormulaBuilderService" singleton="false">
		<constructor-arg name="formulaBuilderDAO"><ref bean="formulaBuilderDAO"/></constructor-arg>
		<constructor-arg name="ModelBasePath"><value>${ModelBasePath}</value></constructor-arg>
	</bean>
	
</beans>