<?xml version="1.0" encoding="UTF-8"?>
<beans default-autowire="byName">
	
	<bean id="frDAO" class="cb_hrms.model.fr.FrDAO" singleton="false">
		<constructor-arg name="dsnBean"><ref bean="datasourceBean"/></constructor-arg>
	</bean>
	<bean id="frService" class="cb_hrms.model.fr.FrService" singleton="false">
		<constructor-arg name="frDAO"><ref bean="frDAO"/></constructor-arg>
		<constructor-arg name="ModelBasePath"><value>${ModelBasePath}</value></constructor-arg>
	</bean>
	
</beans>
