<?xml version="1.0" encoding="UTF-8"?>
<beans default-autowire="byName">
	
	<!-- Jxls Report -->
	<bean id="jxlsDAO" class="cb_hrms.model.jxls.JxlsDAO" singleton="false">
		<constructor-arg name="dsnBean"><ref bean="datasourceBean"/></constructor-arg>
	</bean>
	<bean id="jxlsService" class="cb_hrms.model.jxls.JxlsService" singleton="false">
		<constructor-arg name="jxlsDAO"><ref bean="jxlsDAO"/></constructor-arg>
		<constructor-arg name="ModelBasePath"><value>${ModelBasePath}</value></constructor-arg>
	</bean>
	
</beans>
