<?xml version="1.0" encoding="UTF-8"?>
<beans>
	<!--leave apply-->
	<bean id="leaveApplyDAO" class="cb_hrms.model.HR_Leave.leaveApplyDAO" singleton="false">
		<constructor-arg name="dsnBean"><ref bean="datasourceBean"/></constructor-arg>
	</bean>
	
	<bean id="leaveApplyService" class="cb_hrms.model.HR_Leave.leaveApplyService" singleton="false">
		<constructor-arg name="leaveApplyDAO"><ref bean="leaveApplyDAO"/></constructor-arg>
		<constructor-arg name="ModelBasePath"><value>${ModelBasePath}</value></constructor-arg>
	</bean>
</beans>