<?xml version="1.0" encoding="UTF-8"?>
<beans default-autowire="byName">
	
	<!-- MenuShortcut Report -->
	<bean id="menuShortcutDAO" class="cb_hrms.model.menuShortcut.menuShortcutDAO" singleton="false">
		<constructor-arg name="dsnBean"><ref bean="datasourceBean"/></constructor-arg>
	</bean>
	<bean id="menuShortcutService" class="cb_hrms.model.menuShortcut.menuShortcutService" singleton="false">
		<constructor-arg name="menuShortcutDAO"><ref bean="menuShortcutDAO"/></constructor-arg>
		<constructor-arg name="ModelBasePath"><value>${ModelBasePath}</value></constructor-arg>
	</bean>
	
</beans>
