<?xml version="1.0" encoding="UTF-8"?>
<beans default-autowire="byName">
	
	<!--Mobile Generate Start -->
	<bean id="dynamicMobileDAO" class="cb_hrms.model.dynamicGenerateMobileScript.dynamicMobileDAO" singleton="false">
		 <constructor-arg name="dsnBean">
			<ref bean="datasourceBean"/>
		</constructor-arg>
	</bean>
	
	<bean id="dynamicMobileService"
		class="cb_hrms.model.dynamicGenerateMobileScript.dynamicMobileService" singleton="false">
		<constructor-arg name="dynamicMobileDAO">
			<ref bean="dynamicMobileDAO"/>
		</constructor-arg>
		<constructor-arg name="ModelBasePath">
			<value>${ModelBasePath}</value>
		</constructor-arg>
	</bean>
	
	<bean id="mbMenuDAO" class="cb_hrms.model.mobile.system.menuMaintain.mbMenuDAO" singleton="false">
		 <constructor-arg name="dsnBean">
			<ref bean="datasourceBean"/>
		</constructor-arg>
	</bean>
	
	<bean id="mbMenuService"
		class="cb_hrms.model.mobile.system.menuMaintain.mbMenuService" singleton="false">
		<constructor-arg name="mbMenuDAO">
			<ref bean="mbMenuDAO"/>
		</constructor-arg>
		<constructor-arg name="ModelBasePath">
			<value>${ModelBasePath}</value>
		</constructor-arg>
	</bean>
	
	<bean id="actionDAO" class="cb_hrms.model.mobile.actionDAO" singleton="false">
		 <constructor-arg name="dsnBean">
			<ref bean="datasourceBean"/>
		</constructor-arg>
	</bean>
	
	<bean id="actionService"
		class="cb_hrms.model.mobile.actionService" singleton="false">
		<constructor-arg name="actionDAO">
			<ref bean="actionDAO"/>
		</constructor-arg>
		<constructor-arg name="ModelBasePath">
			<value>${ModelBasePath}</value>
		</constructor-arg>
	</bean>
	<!--Mobile Generate End -->
	
	<!--MobileDesigner Start -->
	<bean id="mobileDesignerDAO" class="cb_hrms.model.pageDesigner.mobileDesignerDAO" singleton="false">
		<constructor-arg name="dsnBean"><ref bean="datasourceBean"/></constructor-arg>
	</bean>
	
	<bean id="mobileDesignerService" class="cb_hrms.model.pageDesigner.mobileDesignerService" singleton="false">
		<constructor-arg name="mobileDesignerDAO"><ref bean="mobileDesignerDAO"/></constructor-arg>
		<constructor-arg name="ModelBasePath"><value>${ModelBasePath}</value></constructor-arg>
	</bean>
	
	<bean id="menuMBAdminTreeDAO" class="cb_hrms.model.menuAdmin.menuMBAdminTreeDAO" singleton="false">
		<constructor-arg name="dsnBean">
			<ref bean="datasourceBean" />
		</constructor-arg>
	</bean>

	<bean id="menuMBAdminTreeService" class="cb_hrms.model.menuAdmin.menuMBAdminTreeService" singleton="true">
		<constructor-arg name="menuMBAdminTreeDAO">
			<ref bean="menuMBAdminTreeDAO" />
		</constructor-arg>
		<constructor-arg name="ModelBasePath">
			<value>${ModelBasePath}</value>
		</constructor-arg>
	</bean>
	<!--MobileDesigner End -->
	
	
	<!-- WorkFlow JBPM -->
	<bean id="jbpmMBDAO" class="cb_hrms.model.mobile.workFlow.jbpmMBDAO" singleton="false">
		<constructor-arg name="dsnBean"><ref bean="datasourceBean"/></constructor-arg>
	</bean>
	<bean id="jbpmMBService" class="cb_hrms.model.mobile.workFlow.jbpmMBService" singleton="false">
		<constructor-arg name="jbpmMBDAO"><ref bean="jbpmMBDAO"/></constructor-arg>
		<constructor-arg name="ModelBasePath"><value>${ModelBasePath}</value></constructor-arg>
	</bean>
	<bean id="assignMBDAO" class="cb_hrms.model.mobile.workFlow.AssignMBDAO" singleton="false">
		<constructor-arg name="dsnBean"><ref bean="datasourceBean"/></constructor-arg>
	</bean>
	<bean id="assignMBService" class="cb_hrms.model.mobile.workFlow.AssignMBService" singleton="false">
		<constructor-arg name="assignMBDAO"><ref bean="assignMBDAO"/></constructor-arg>
		<constructor-arg name="ModelBasePath"><value>${ModelBasePath}</value></constructor-arg>
	</bean>
	<bean id="decisionMBDAO" class="cb_hrms.model.mobile.workFlow.DecisionMBDAO" singleton="false">
		<constructor-arg name="dsnBean"><ref bean="datasourceBean"/></constructor-arg>
	</bean>
	<bean id="decisionMBService" class="cb_hrms.model.mobile.workFlow.DecisionMBService" singleton="false">
		<constructor-arg name="decisionMBDAO"><ref bean="decisionMBDAO"/></constructor-arg>
		<constructor-arg name="ModelBasePath"><value>${ModelBasePath}</value></constructor-arg>
	</bean> 
	<bean id="jobMBDAO" class="cb_hrms.model.mobile.workFlow.JobMBDAO" singleton="false">
		<constructor-arg name="dsnBean"><ref bean="datasourceBean"/></constructor-arg>
	</bean>
	<bean id="jobMBService" class="cb_hrms.model.mobile.workFlow.JobMBService" singleton="false">
		<constructor-arg name="jobMBDAO"><ref bean="jobMBDAO"/></constructor-arg>
		<constructor-arg name="ModelBasePath"><value>${ModelBasePath}</value></constructor-arg>
	</bean> 
	<!-- WorkFlow Jbmp End -->
	
	
	<!-- Email Start -->
	<bean id="emailTemplateMBDAO" class="cb_hrms.model.mobile.email.EmailTemplateMBDAO" singleton="false">
		<constructor-arg name="dsnBean"><ref bean="datasourceBean"/></constructor-arg>
	</bean>
	<bean id="emailTemplateMBService" class="cb_hrms.model.mobile.email.EmailTemplateMBService" singleton="false">
		<constructor-arg name="emailTemplateMBDAO"><ref bean="emailTemplateMBDAO"/></constructor-arg>
		<constructor-arg name="ModelBasePath"><value>${ModelBasePath}</value></constructor-arg>
	</bean>
		
	<bean id="emailMBDAO" class="cb_hrms.model.mobile.email.EmailMBDAO" singleton="false">
		<constructor-arg name="dsnBean"><ref bean="datasourceBean"/></constructor-arg>
	</bean>
	<bean id="emailMBService" class="cb_hrms.model.mobile.email.EmailMBService" singleton="false">
		<constructor-arg name="emailMBDAO"><ref bean="emailMBDAO"/></constructor-arg>
		<constructor-arg name="ModelBasePath"><value>${ModelBasePath}</value></constructor-arg>
	</bean>
	
	<bean id="emailSendLogMBDAO" class="cb_hrms.model.mobile.email.EmailSendLogMBDAO" singleton="false">
		<constructor-arg name="dsnBean"><ref bean="datasourceBean"/></constructor-arg>
	</bean>
	<bean id="emailSendLogMBService" class="cb_hrms.model.mobile.email.EmailSendLogMBService" singleton="false">
		<constructor-arg name="emailSendLogMBDAO"><ref bean="emailSendLogMBDAO"/></constructor-arg>
		<constructor-arg name="ModelBasePath"><value>${ModelBasePath}</value></constructor-arg>
	</bean>
	
	<bean id="emailVarLangMBDAO" class="cb_hrms.model.mobile.email.EmailVarLangMBDAO" singleton="false">
		<constructor-arg name="dsnBean"><ref bean="datasourceBean"/></constructor-arg>
	</bean>
	<bean id="emailVarLangMBService" class="cb_hrms.model.mobile.email.EmailVarLangMBService" singleton="false">
		<constructor-arg name="emailVarLangMBDAO"><ref bean="emailVarLangMBDAO"/></constructor-arg>
		<constructor-arg name="ModelBasePath"><value>${ModelBasePath}</value></constructor-arg>
	</bean>
	
	<bean id="emailConfMBDAO" class="cb_hrms.model.mobile.email.EmailConfMBDAO" singleton="false">
		<constructor-arg name="dsnBean"><ref bean="datasourceBean"/></constructor-arg>
	</bean>
	<bean id="emailConfMBService" class="cb_hrms.model.mobile.email.EmailConfMBService" singleton="false">
		<constructor-arg name="emailConfMBDAO"><ref bean="emailConfMBDAO"/></constructor-arg>
		<constructor-arg name="ModelBasePath"><value>${ModelBasePath}</value></constructor-arg>
	</bean>
	<!-- Email End -->
	
	<!-- Dynamic PageDesigner Mobile Admin Start-->
	<bean id="dynMobileDAO" class="cb_hrms.model.dynamicMobileAdmin.dynMobileDAO" singleton="false">
		<constructor-arg name="dsnBean"><ref bean="datasourceBean"/></constructor-arg>
	</bean>
	<bean id="dynMobileService" class="cb_hrms.model.dynamicMobileAdmin.dynMobileService" singleton="false">
		<constructor-arg name="dynMobileDAO"><ref bean="dynMobileDAO"/></constructor-arg>
		<constructor-arg name="ModelBasePath"><value>${ModelBasePath}</value></constructor-arg>
	</bean>
	<!-- Dynamic PageDesigner Mobile Admin End -->

	<!-- mobile user Start-->
	<bean id="mobileUserDAO" class="cb_hrms.model.mobile.system.security.user.mobileUserDAO" singleton="false">
		<constructor-arg name="dsnBean"><ref bean="datasourceBean"/></constructor-arg>
	</bean>
	<bean id="mobileUserService" class="cb_hrms.model.mobile.system.security.user.mobileUserService" singleton="false">
		<constructor-arg name="mobileUserDAO"><ref bean="mobileUserDAO"/></constructor-arg>
		<constructor-arg name="ModelBasePath"><value>${ModelBasePath}</value></constructor-arg>
	</bean>
	<!-- mobile user End -->
	
	<!--Mobile I18N Start -->
	<bean id="i18nMBAdminDAO" class="cb_hrms.model.mobile.system.i18nAdmin.i18nMBAdminDAO" singleton="false">
		 <constructor-arg name="dsnBean">
			<ref bean="datasourceBean"/>
		</constructor-arg>
	</bean>
	<bean id="i18nMBAdminService"
		class="cb_hrms.model.mobile.system.i18nAdmin.i18nMBAdminService" singleton="false">
		<constructor-arg name="i18nMBAdminDAO">
			<ref bean="i18nMBAdminDAO"/>
		</constructor-arg>
		<constructor-arg name="ModelBasePath">
			<value>${ModelBasePath}</value>
		</constructor-arg>
	</bean>
	<!--Mobile I18N eND -->
	
	<!-- dynamic validation start -->
	<bean id="dynamicMBValidDAO"
		class="cb_hrms.model.mobile.dynamicMBValidation.dynamicMBValidDAO" singleton="false" >
		<constructor-arg name="dsnBean">
			<ref bean="datasourceBean"/>
		</constructor-arg>
	</bean>
	
	 <bean id="dynamicMBValidService"
		class="cb_hrms.model.mobile.dynamicMBValidation.dynamicMBValidService" singleton="true">
		<constructor-arg name="dynamicMBValidDAO" >
			<ref bean="dynamicMBValidDAO"/>
		</constructor-arg>
		<constructor-arg name="ModelBasePath">
			<value>${ModelBasePath}</value>
		</constructor-arg>
	</bean>
	<!-- dynamic validation end -->
		
	
</beans>
