<?xml version="1.0" encoding="UTF-8"?>
<beans>

	<bean id="ctrldepttypeBean" class="cb_hrms.model.orgStruct.ctrlDeptType.ctrlDeptTypeBean" singleton="false"></bean>
	
	<bean id="ctrldepttypeDAO" class="cb_hrms.model.orgStruct.ctrlDeptType.ctrlDeptTypeDAO" singleton="false">
		<constructor-arg name="dsnBean"><ref bean="datasourceBean"/></constructor-arg>
	</bean>
	
	<bean id="ctrldepttypeService" class="cb_hrms.model.orgStruct.ctrlDeptType.ctrlDeptTypeService" singleton="false">
		<constructor-arg name="ctrlDeptTypeDAO"><ref bean="ctrldepttypeDAO"/></constructor-arg>
		<constructor-arg name="ModelBasePath"><value>${ModelBasePath}</value></constructor-arg>
	</bean>

	<bean id="deptpropfieldtypeBean" class="cb_hrms.model.orgStruct.deptPropFieldType.deptPropFieldTypeBean" singleton="false"></bean>
	
	<bean id="deptpropfieldtypeDAO" class="cb_hrms.model.orgStruct.deptPropFieldType.deptPropFieldTypeDAO" singleton="false">
		<constructor-arg name="dsnBean"><ref bean="datasourceBean"/></constructor-arg>
	</bean>
	
	<bean id="deptpropfieldtypeService" class="cb_hrms.model.orgStruct.deptPropFieldType.deptPropFieldTypeService" singleton="false">
		<constructor-arg name="deptPropFieldTypeDAO"><ref bean="deptpropfieldtypeDAO"/></constructor-arg>
		<constructor-arg name="ModelBasePath"><value>${ModelBasePath}</value></constructor-arg>
	</bean>


	<bean id="depttreeBean" class="cb_hrms.model.orgStruct.deptTree.deptTreeBean" singleton="false"></bean>
	
	<bean id="depttreeDAO" class="cb_hrms.model.orgStruct.deptTree.deptTreeDAO" singleton="false">
		<constructor-arg name="dsnBean"><ref bean="datasourceBean"/></constructor-arg>
	</bean>
	
	<bean id="depttreeService" class="cb_hrms.model.orgStruct.deptTree.deptTreeService" singleton="false">
		<constructor-arg name="deptTreeDAO"><ref bean="depttreeDAO"/></constructor-arg>
		<constructor-arg name="ModelBasePath"><value>${ModelBasePath}</value></constructor-arg>
	</bean>

	<bean id="deptPropertiesBean" class="cb_hrms.model.orgStruct.deptProperties.deptPropertiesBean" singleton="false"></bean>
	
	<bean id="deptPropertiesDAO" class="cb_hrms.model.orgStruct.deptProperties.deptPropertiesDAO" singleton="false">
		<constructor-arg name="dsnBean"><ref bean="datasourceBean"/></constructor-arg>
	</bean>
	
	<bean id="deptPropertiesService" class="cb_hrms.model.orgStruct.deptProperties.deptPropertiesService" singleton="false">
		<constructor-arg name="deptPropertiesDAO"><ref bean="deptPropertiesDAO"/></constructor-arg>
		<constructor-arg name="ModelBasePath"><value>${ModelBasePath}</value></constructor-arg>
	</bean>

	<bean id="orgpropertiesBean" class="cb_hrms.model.orgStruct.orgProperties.orgPropertiesBean" singleton="false"></bean>
	
	<bean id="orgpropertiesDAO" class="cb_hrms.model.orgStruct.orgProperties.orgPropertiesDAO" singleton="false">
		<constructor-arg name="dsnBean"><ref bean="datasourceBean"/></constructor-arg>
	</bean>
	
	<bean id="orgpropertiesService" class="cb_hrms.model.orgStruct.orgProperties.orgPropertiesService" singleton="false">
		<constructor-arg name="orgPropertiesDAO"><ref bean="orgpropertiesDAO"/></constructor-arg>
		<constructor-arg name="ModelBasePath"><value>${ModelBasePath}</value></constructor-arg>
	</bean>

	<bean id="orgpropertiesLangBean" class="cb_hrms.model.orgStruct.orgProperties.orgPropertiesLangBean" singleton="false"></bean>
	
	<bean id="orgpropertiesLangDAO" class="cb_hrms.model.orgStruct.orgProperties.orgPropertiesLangDAO" singleton="false">
		<constructor-arg name="dsnBean"><ref bean="datasourceBean"/></constructor-arg>
	</bean>
	
	<bean id="orgpropertiesLangService" class="cb_hrms.model.orgStruct.orgProperties.orgPropertiesLangService" singleton="false">
		<constructor-arg name="orgPropertiesLangDAO"><ref bean="orgpropertiesLangDAO"/></constructor-arg>
		<constructor-arg name="ModelBasePath"><value>${ModelBasePath}</value></constructor-arg>
	</bean>



	<bean id="depttypepropertiesBean" class="cb_hrms.model.orgStruct.deptTypeProperties.deptTypePropertiesBean" singleton="false"></bean>
	
	<bean id="depttypepropertiesDAO" class="cb_hrms.model.orgStruct.deptTypeProperties.deptTypePropertiesDAO" singleton="false">
		<constructor-arg name="dsnBean"><ref bean="datasourceBean"/></constructor-arg>
	</bean>
	
	<bean id="depttypepropertiesService" class="cb_hrms.model.orgStruct.deptTypeProperties.deptTypePropertiesService" singleton="false">
		<constructor-arg name="deptTypePropertiesDAO"><ref bean="depttypepropertiesDAO"/></constructor-arg>
		<constructor-arg name="ModelBasePath"><value>${ModelBasePath}</value></constructor-arg>
	</bean>

	<bean id="businessuinttreeBean" class="cb_hrms.model.orgStruct.businessUintTree.businessUintTreeBean" singleton="false"></bean>
	
	<bean id="businessuinttreeDAO" class="cb_hrms.model.orgStruct.businessUintTree.businessUintTreeDAO" singleton="false">
		<constructor-arg name="dsnBean"><ref bean="datasourceBean"/></constructor-arg>
	</bean>
	
	<bean id="businessuinttreeService" class="cb_hrms.model.orgStruct.businessUintTree.businessUintTreeService" singleton="false">
		<constructor-arg name="businessUintTreeDAO"><ref bean="businessuinttreeDAO"/></constructor-arg>
		<constructor-arg name="ModelBasePath"><value>${ModelBasePath}</value></constructor-arg>
	</bean>
	
	<bean id="orglevelBean" class="cb_hrms.model.orgStruct.orgLevel.orgLevelBean" singleton="false"></bean>
	
	<bean id="orglevelDAO" class="cb_hrms.model.orgStruct.orgLevel.orgLevelDAO" singleton="false">
		<constructor-arg name="dsnBean"><ref bean="datasourceBean"/></constructor-arg>
	</bean>
	
	<bean id="orglevelService" class="cb_hrms.model.orgStruct.orgLevel.orgLevelService" singleton="false">
		<constructor-arg name="orgLevelDAO"><ref bean="orglevelDAO"/></constructor-arg>
		<constructor-arg name="ModelBasePath"><value>${ModelBasePath}</value></constructor-arg>
	</bean>


	<bean id="deptTasksBean" class="cb_hrms.model.orgStruct.deptTasks.deptTasksBean" singleton="false"></bean>
	
	<bean id="deptTasksDAO" class="cb_hrms.model.orgStruct.deptTasks.deptTasksDAO" singleton="false">
		<constructor-arg name="dsnBean"><ref bean="datasourceBean"/></constructor-arg>
	</bean>
	
	<bean id="deptTasksService" class="cb_hrms.model.orgStruct.deptTasks.deptTasksService" singleton="false">
		<constructor-arg name="deptTasksDAO"><ref bean="deptTasksDAO"/></constructor-arg>
		<constructor-arg name="ModelBasePath"><value>${ModelBasePath}</value></constructor-arg>
	</bean>

</beans>