<?xml version="1.0" encoding="UTF-8"?>
<beans>
	<!--Payroll admin-->
	<bean id="bankAutoPayDAO" class="cb_hrms.model.payroll.bankAutoPay.bankAutoPayDAO" singleton="false">
		<constructor-arg name="dsnBean"><ref bean="datasourceBean"/></constructor-arg>
	</bean>
	
	<bean id="bankAutoPayService" class="cb_hrms.model.payroll.bankAutoPay.bankAutoPayService" singleton="false">
		<constructor-arg name="bankAutoPayDAO"><ref bean="bankAutoPayDAO"/></constructor-arg>
		<constructor-arg name="ModelBasePath"><value>${ModelBasePath}</value></constructor-arg>
	</bean>
	
	<bean id="payrollEmailTemplateDAO" class="cb_hrms.model.payroll.email.PayrollEmailTemplateDAO" singleton="false">
		<constructor-arg name="dsnBean"><ref bean="datasourceBean"/></constructor-arg>
	</bean>
	
	<bean id="payrollEmailTemplateService" class="cb_hrms.model.payroll.email.PayrollEmailTemplateService" singleton="false">
		<constructor-arg name="PayrollEmailTemplateDAO"><ref bean="payrollEmailTemplateDAO"/></constructor-arg>
		<constructor-arg name="ModelBasePath"><value>${ModelBasePath}</value></constructor-arg>
	</bean>
</beans>