<?xml version="1.0" encoding="UTF-8"?>
<beans default-autowire="byName">
	
	<bean id="pfTemplateDAO" class="cb_hrms.model.performance.PfTemplateDAO" singleton="false">
		<constructor-arg name="dsnBean"><ref bean="datasourceBean"/></constructor-arg>
	</bean>
	<bean id="pfTemplateService" class="cb_hrms.model.performance.PfTemplateService" singleton="false">
		<constructor-arg name="pfTemplateDAO"><ref bean="pfTemplateDAO"/></constructor-arg>
		<constructor-arg name="ModelBasePath"><value>${ModelBasePath}</value></constructor-arg>
	</bean>
	
	<bean id="pfDocumentDAO" class="cb_hrms.model.performance.PfDocumentDAO" singleton="false">
		<constructor-arg name="dsnBean"><ref bean="datasourceBean"/></constructor-arg>
	</bean>
	<bean id="pfDocumentService" class="cb_hrms.model.performance.PfDocumentService" singleton="false">
		<constructor-arg name="pfDocumentDAO"><ref bean="pfDocumentDAO"/></constructor-arg>
		<constructor-arg name="ModelBasePath"><value>${ModelBasePath}</value></constructor-arg>
	</bean>
	
</beans>
