<?xml version="1.0" encoding="UTF-8"?>
<beans>
	
	<bean id="emplOrgBean" class="cb_hrms.model.personnel.emplOrg.emplOrgBean" singleton="false"></bean>
	
	<bean id="emplOrgDAO" class="cb_hrms.model.personnel.emplOrg.emplOrgDAO" singleton="false">
		<constructor-arg name="dsnBean"><ref bean="datasourceBean"/></constructor-arg>
	</bean>
	
	<bean id="emplOrgService" class="cb_hrms.model.personnel.emplOrg.emplOrgService" singleton="false">
		<constructor-arg name="emplOrgDAO"><ref bean="emplOrgDAO"/></constructor-arg>
		<constructor-arg name="ModelBasePath"><value>${ModelBasePath}</value></constructor-arg>
	</bean>
	
	
	<bean id="emplJobBean" class="cb_hrms.model.personnel.emplJob.emplJobBean" singleton="false"></bean>
	
	<bean id="emplJobDAO" class="cb_hrms.model.personnel.emplJob.emplJobDAO" singleton="false">
		<constructor-arg name="dsnBean"><ref bean="datasourceBean"/></constructor-arg>
	</bean>
	
	<bean id="emplJobService" class="cb_hrms.model.personnel.emplJob.emplJobService" singleton="false">
		<constructor-arg name="emplJobDAO"><ref bean="emplJobDAO"/></constructor-arg>
		<constructor-arg name="ModelBasePath"><value>${ModelBasePath}</value></constructor-arg>
	</bean>


	<bean id="emplPolicyBean" class="cb_hrms.model.personnel.emplPolicy.emplPolicyBean" singleton="false"></bean>
		
	<bean id="emplPolicyDAO" class="cb_hrms.model.personnel.emplPolicy.emplPolicyDAO" singleton="false">
		<constructor-arg name="dsnBean"><ref bean="datasourceBean"/></constructor-arg>
	</bean>
		
	<bean id="emplPolicyService" class="cb_hrms.model.personnel.emplPolicy.emplPolicyService" singleton="false">
		<constructor-arg name="emplPolicyDAO"><ref bean="emplPolicyDAO"/></constructor-arg>
		<constructor-arg name="ModelBasePath"><value>${ModelBasePath}</value></constructor-arg>
	</bean>
	
	
	<bean id="emplEntryBean" class="cb_hrms.model.personnel.emplEntry.emplEntryBean" singleton="false"></bean>
		
	<bean id="emplEntryDAO" class="cb_hrms.model.personnel.emplEntry.emplEntryDAO" singleton="false">
		<constructor-arg name="dsnBean"><ref bean="datasourceBean"/></constructor-arg>
	</bean>
		
	<bean id="emplEntryService" class="cb_hrms.model.personnel.emplEntry.emplEntryService" singleton="false">
		<constructor-arg name="emplEntryDAO"><ref bean="emplEntryDAO"/></constructor-arg>
		<constructor-arg name="ModelBasePath"><value>${ModelBasePath}</value></constructor-arg>
	</bean>
	
	
	<bean id="emplContractBean" class="cb_hrms.model.personnel.emplContract.emplContractBean" singleton="false"></bean>
		
	<bean id="emplContractDAO" class="cb_hrms.model.personnel.emplContract.emplContractDAO" singleton="false">
		<constructor-arg name="dsnBean"><ref bean="datasourceBean"/></constructor-arg>
	</bean>
		
	<bean id="emplContractService" class="cb_hrms.model.personnel.emplContract.emplContractService" singleton="false">
		<constructor-arg name="emplContractDAO"><ref bean="emplContractDAO"/></constructor-arg>
		<constructor-arg name="ModelBasePath"><value>${ModelBasePath}</value></constructor-arg>
	</bean>


	<bean id="emplpersonnelBean" class="cb_hrms.model.personnel.emplPersonnel.emplPersonnelBean" singleton="false"></bean>
	
	<bean id="emplpersonnelDAO" class="cb_hrms.model.personnel.emplPersonnel.emplPersonnelDAO" singleton="false">
		<constructor-arg name="dsnBean"><ref bean="datasourceBean"/></constructor-arg>
	</bean>
	
	<bean id="emplpersonnelService" class="cb_hrms.model.personnel.emplPersonnel.emplPersonnelService" singleton="false">
		<constructor-arg name="emplPersonnelDAO"><ref bean="emplpersonnelDAO"/></constructor-arg>
		<constructor-arg name="ModelBasePath"><value>${ModelBasePath}</value></constructor-arg>
	</bean>

</beans>
