<?xml version="1.0" encoding="UTF-8"?>
<beans>
	<!-- Position -->
	<bean id="professionalrankBean" class="cb_hrms.model.position.professionalRank.professionalRankBean" singleton="false"></bean>
	
	<bean id="professionalrankDAO" class="cb_hrms.model.position.professionalRank.professionalRankDAO" singleton="false">
		<constructor-arg name="dsnBean"><ref bean="datasourceBean"/></constructor-arg>
	</bean>
	
	<bean id="professionalrankService" class="cb_hrms.model.position.professionalRank.professionalRankService" singleton="false">
		<constructor-arg name="professionalRankDAO"><ref bean="professionalrankDAO"/></constructor-arg>
		<constructor-arg name="ModelBasePath"><value>${ModelBasePath}</value></constructor-arg>
	</bean>

	<bean id="professionalrankLangBean" class="cb_hrms.model.position.professionalRank.professionalRankLangBean" singleton="false"></bean>
	
	<bean id="professionalrankLangDAO" class="cb_hrms.model.position.professionalRank.professionalRankLangDAO" singleton="false">
		<constructor-arg name="dsnBean"><ref bean="datasourceBean"/></constructor-arg>
	</bean>
	
	<bean id="professionalrankLangService" class="cb_hrms.model.position.professionalRank.professionalRankLangService" singleton="false">
		<constructor-arg name="professionalRankLangDAO"><ref bean="professionalrankLangDAO"/></constructor-arg>
		<constructor-arg name="ModelBasePath"><value>${ModelBasePath}</value></constructor-arg>
	</bean>

	
	<bean id="professionalcategoryBean" class="cb_hrms.model.position.professionalCategory.professionalCategoryBean" singleton="false"></bean>
	
	<bean id="professionalcategoryDAO" class="cb_hrms.model.position.professionalCategory.professionalCategoryDAO" singleton="false">
		<constructor-arg name="dsnBean"><ref bean="datasourceBean"/></constructor-arg>
	</bean>
	
	<bean id="professionalcategoryService" class="cb_hrms.model.position.professionalCategory.professionalCategoryService" singleton="false">
		<constructor-arg name="professionalCategoryDAO"><ref bean="professionalcategoryDAO"/></constructor-arg>
		<constructor-arg name="ModelBasePath"><value>${ModelBasePath}</value></constructor-arg>
	</bean>

	<bean id="professionalCategoryLangBean" class="cb_hrms.model.position.professionalCategory.professionalCategoryLangBean" singleton="false"></bean>
	
	<bean id="professionalCategoryLangDAO" class="cb_hrms.model.position.professionalCategory.professionalCategoryLangDAO" singleton="false">
		<constructor-arg name="dsnBean"><ref bean="datasourceBean"/></constructor-arg>
	</bean>
	
	<bean id="professionalCategoryLangService" class="cb_hrms.model.position.professionalCategory.professionalCategoryLangService" singleton="false">
		<constructor-arg name="professionalCategoryLangDAO"><ref bean="professionalCategoryLangDAO"/></constructor-arg>
		<constructor-arg name="ModelBasePath"><value>${ModelBasePath}</value></constructor-arg>
	</bean>

	
	<bean id="professionaltitlesBean" class="cb_hrms.model.position.professionalTitles.professionalTitlesBean" singleton="false"></bean>
	
	<bean id="professionaltitlesDAO" class="cb_hrms.model.position.professionalTitles.professionalTitlesDAO" singleton="false">
		<constructor-arg name="dsnBean"><ref bean="datasourceBean"/></constructor-arg>
	</bean>
	
	<bean id="professionaltitlesService" class="cb_hrms.model.position.professionalTitles.professionalTitlesService" singleton="false">
		<constructor-arg name="professionalTitlesDAO"><ref bean="professionaltitlesDAO"/></constructor-arg>
		<constructor-arg name="ModelBasePath"><value>${ModelBasePath}</value></constructor-arg>
	</bean>

	<bean id="professionaltitlesLangBean" class="cb_hrms.model.position.professionalTitles.professionaltitlesLangBean" singleton="false"></bean>
	
	<bean id="professionaltitlesLangDAO" class="cb_hrms.model.position.professionalTitles.professionalTitlesLangDAO" singleton="false">
		<constructor-arg name="dsnBean"><ref bean="datasourceBean"/></constructor-arg>
	</bean>
	
	<bean id="professionaltitlesLangService" class="cb_hrms.model.position.professionalTitles.professionalTitlesLangService" singleton="false">
		<constructor-arg name="professionalTitlesLangDAO"><ref bean="professionaltitlesLangDAO"/></constructor-arg>
		<constructor-arg name="ModelBasePath"><value>${ModelBasePath}</value></constructor-arg>
	</bean>


	<!-- Task -->
	<bean id="tasktypeBean" class="cb_hrms.model.position.taskType.taskTypeBean" singleton="false"></bean>
	
	<bean id="tasktypeDAO" class="cb_hrms.model.position.taskType.taskTypeDAO" singleton="false">
		<constructor-arg name="dsnBean"><ref bean="datasourceBean"/></constructor-arg>
	</bean>
	
	<bean id="tasktypeService" class="cb_hrms.model.position.taskType.taskTypeService" singleton="false">
		<constructor-arg name="taskTypeDAO"><ref bean="tasktypeDAO"/></constructor-arg>
		<constructor-arg name="ModelBasePath"><value>${ModelBasePath}</value></constructor-arg>
	</bean>

	<bean id="tasktypeLangBean" class="cb_hrms.model.position.taskType.taskTypeLangBean" singleton="false"></bean>
	
	<bean id="tasktypeLangDAO" class="cb_hrms.model.position.taskType.taskTypeLangDAO" singleton="false">
		<constructor-arg name="dsnBean"><ref bean="datasourceBean"/></constructor-arg>
	</bean>
	
	<bean id="tasktypeLangService" class="cb_hrms.model.position.taskType.taskTypeLangService" singleton="false">
		<constructor-arg name="taskTypeLangDAO"><ref bean="tasktypeLangDAO"/></constructor-arg>
		<constructor-arg name="ModelBasePath"><value>${ModelBasePath}</value></constructor-arg>
	</bean>


	<bean id="taskfrequencyBean" class="cb_hrms.model.position.taskFrequency.taskFrequencyBean" singleton="false"></bean>
	
	<bean id="taskfrequencyDAO" class="cb_hrms.model.position.taskFrequency.taskFrequencyDAO" singleton="false">
		<constructor-arg name="dsnBean"><ref bean="datasourceBean"/></constructor-arg>
	</bean>
	
	<bean id="taskfrequencyService" class="cb_hrms.model.position.taskFrequency.taskFrequencyService" singleton="false">
		<constructor-arg name="taskFrequencyDAO"><ref bean="taskfrequencyDAO"/></constructor-arg>
		<constructor-arg name="ModelBasePath"><value>${ModelBasePath}</value></constructor-arg>
	</bean>

	<bean id="taskfrequencyLangBean" class="cb_hrms.model.position.taskFrequency.taskFrequencyLangBean" singleton="false"></bean>
	
	<bean id="taskfrequencyLangDAO" class="cb_hrms.model.position.taskFrequency.taskFrequencyLangDAO" singleton="false">
		<constructor-arg name="dsnBean"><ref bean="datasourceBean"/></constructor-arg>
	</bean>
	
	<bean id="taskfrequencyLangService" class="cb_hrms.model.position.taskFrequency.taskFrequencyLangService" singleton="false">
		<constructor-arg name="taskFrequencyLangDAO"><ref bean="taskfrequencyLangDAO"/></constructor-arg>
		<constructor-arg name="ModelBasePath"><value>${ModelBasePath}</value></constructor-arg>
	</bean>

	
	<bean id="taskconsequenceBean" class="cb_hrms.model.position.taskConsequence.taskConsequenceBean" singleton="false"></bean>
	
	<bean id="taskconsequenceDAO" class="cb_hrms.model.position.taskConsequence.taskConsequenceDAO" singleton="false">
		<constructor-arg name="dsnBean"><ref bean="datasourceBean"/></constructor-arg>
	</bean>
	
	<bean id="taskconsequenceService" class="cb_hrms.model.position.taskConsequence.taskConsequenceService" singleton="false">
		<constructor-arg name="taskConsequenceDAO"><ref bean="taskconsequenceDAO"/></constructor-arg>
		<constructor-arg name="ModelBasePath"><value>${ModelBasePath}</value></constructor-arg>
	</bean>

	<bean id="taskconsequenceLangBean" class="cb_hrms.model.position.taskConsequence.taskConsequenceLangBean" singleton="false"></bean>
	
	<bean id="taskconsequenceLangDAO" class="cb_hrms.model.position.taskConsequence.taskConsequenceLangDAO" singleton="false">
		<constructor-arg name="dsnBean"><ref bean="datasourceBean"/></constructor-arg>
	</bean>
	
	<bean id="taskconsequenceLangService" class="cb_hrms.model.position.taskConsequence.taskConsequenceLangService" singleton="false">
		<constructor-arg name="taskConsequenceLangDAO"><ref bean="taskconsequenceLangDAO"/></constructor-arg>
		<constructor-arg name="ModelBasePath"><value>${ModelBasePath}</value></constructor-arg>
	</bean>

	
	<bean id="tasksBean" class="cb_hrms.model.position.tasks.tasksBean" singleton="false"></bean>
	
	<bean id="tasksDAO" class="cb_hrms.model.position.tasks.tasksDAO" singleton="false">
		<constructor-arg name="dsnBean"><ref bean="datasourceBean"/></constructor-arg>
	</bean>
	
	<bean id="tasksService" class="cb_hrms.model.position.tasks.tasksService" singleton="false">
		<constructor-arg name="tasksDAO"><ref bean="tasksDAO"/></constructor-arg>
		<constructor-arg name="ModelBasePath"><value>${ModelBasePath}</value></constructor-arg>
	</bean>

	<bean id="tasksLangBean" class="cb_hrms.model.position.tasks.tasksLangBean" singleton="false"></bean>
	
	<bean id="tasksLangDAO" class="cb_hrms.model.position.tasks.tasksLangDAO" singleton="false">
		<constructor-arg name="dsnBean"><ref bean="datasourceBean"/></constructor-arg>
	</bean>
	
	<bean id="tasksLangService" class="cb_hrms.model.position.tasks.tasksLangService" singleton="false">
		<constructor-arg name="tasksLangDAO"><ref bean="tasksLangDAO"/></constructor-arg>
		<constructor-arg name="ModelBasePath"><value>${ModelBasePath}</value></constructor-arg>
	</bean>
	
	<!-- Qualification -->
	<bean id="qualificationstypeBean" class="cb_hrms.model.position.qualificationsType.qualificationsTypeBean" singleton="false"></bean>
	
	<bean id="qualificationstypeDAO" class="cb_hrms.model.position.qualificationsType.qualificationsTypeDAO" singleton="false">
		<constructor-arg name="dsnBean"><ref bean="datasourceBean"/></constructor-arg>
	</bean>
	
	<bean id="qualificationstypeService" class="cb_hrms.model.position.qualificationsType.qualificationsTypeService" singleton="false">
		<constructor-arg name="qualificationsTypeDAO"><ref bean="qualificationstypeDAO"/></constructor-arg>
		<constructor-arg name="ModelBasePath"><value>${ModelBasePath}</value></constructor-arg>
	</bean>

	<bean id="qualificationstypeLangBean" class="cb_hrms.model.position.qualificationsType.qualificationsTypeLangBean" singleton="false"></bean>
	
	<bean id="qualificationstypeLangDAO" class="cb_hrms.model.position.qualificationsType.qualificationsTypeLangDAO" singleton="false">
		<constructor-arg name="dsnBean"><ref bean="datasourceBean"/></constructor-arg>
	</bean>
	
	<bean id="qualificationstypeLangService" class="cb_hrms.model.position.qualificationsType.qualificationsTypeLangService" singleton="false">
		<constructor-arg name="qualificationsTypeLangDAO"><ref bean="qualificationstypeLangDAO"/></constructor-arg>
		<constructor-arg name="ModelBasePath"><value>${ModelBasePath}</value></constructor-arg>
	</bean>

	
	<bean id="qualificationsBean" class="cb_hrms.model.position.qualifications.qualificationsBean" singleton="false"></bean>
	
	<bean id="qualificationsDAO" class="cb_hrms.model.position.qualifications.qualificationsDAO" singleton="false">
		<constructor-arg name="dsnBean"><ref bean="datasourceBean"/></constructor-arg>
	</bean>
	<bean id="qualificationsService" class="cb_hrms.model.position.qualifications.qualificationsService" singleton="false">
		<constructor-arg name="qualificationsDAO"><ref bean="qualificationsDAO"/></constructor-arg>
		<constructor-arg name="ModelBasePath"><value>${ModelBasePath}</value></constructor-arg>
	</bean>

	<bean id="qualificationsLangBean" class="cb_hrms.model.position.qualifications.qualificationsLangBean" singleton="false"></bean>
	
	<bean id="qualificationsLangDAO" class="cb_hrms.model.position.qualifications.qualificationsLangDAO" singleton="false">
		<constructor-arg name="dsnBean"><ref bean="datasourceBean"/></constructor-arg>
	</bean>
	<bean id="qualificationsLangService" class="cb_hrms.model.position.qualifications.qualificationsLangService" singleton="false">
		<constructor-arg name="qualificationsLangDAO"><ref bean="qualificationsLangDAO"/></constructor-arg>
		<constructor-arg name="ModelBasePath"><value>${ModelBasePath}</value></constructor-arg>
	</bean>


	<!-- Job -->
	<bean id="jobtypeBean" class="cb_hrms.model.position.jobType.jobTypeBean" singleton="false"></bean>
	
	<bean id="jobtypeDAO" class="cb_hrms.model.position.jobType.jobTypeDAO" singleton="false">
		<constructor-arg name="dsnBean"><ref bean="datasourceBean"/></constructor-arg>
	</bean>
	
	<bean id="jobtypeService" class="cb_hrms.model.position.jobType.jobTypeService" singleton="false">
		<constructor-arg name="jobTypeDAO"><ref bean="jobtypeDAO"/></constructor-arg>
		<constructor-arg name="ModelBasePath"><value>${ModelBasePath}</value></constructor-arg>
	</bean>

	<bean id="jobTypeLangBean" class="cb_hrms.model.position.jobType.jobTypeLangBean" singleton="false"></bean>
	
	<bean id="jobtypeLangDAO" class="cb_hrms.model.position.jobType.jobTypeLangDAO" singleton="false">
		<constructor-arg name="dsnBean"><ref bean="datasourceBean"/></constructor-arg>
	</bean>
	
	<bean id="jobtypeLangService" class="cb_hrms.model.position.jobType.jobTypeLangService" singleton="false">
		<constructor-arg name="jobTypeLangDAO"><ref bean="jobtypeLangDAO"/></constructor-arg>
		<constructor-arg name="ModelBasePath"><value>${ModelBasePath}</value></constructor-arg>
	</bean>


	<bean id="jobgradeBean" class="cb_hrms.model.position.jobGrade.jobGradeBean" singleton="false"></bean>
	
	<bean id="jobgradeDAO" class="cb_hrms.model.position.jobGrade.jobGradeDAO" singleton="false">
		<constructor-arg name="dsnBean"><ref bean="datasourceBean"/></constructor-arg>
	</bean>
	
	<bean id="jobgradeService" class="cb_hrms.model.position.jobGrade.jobGradeService" singleton="false">
		<constructor-arg name="jobGradeDAO"><ref bean="jobgradeDAO"/></constructor-arg>
		<constructor-arg name="ModelBasePath"><value>${ModelBasePath}</value></constructor-arg>
	</bean>
	
	<bean id="jobgradeLangBean" class="cb_hrms.model.position.jobGrade.jobGradeLangBean" singleton="false"></bean>
	
	<bean id="jobgradeLangDAO" class="cb_hrms.model.position.jobGrade.jobGradeLangDAO" singleton="false">
		<constructor-arg name="dsnBean"><ref bean="datasourceBean"/></constructor-arg>
	</bean>
	
	<bean id="jobgradeLangService" class="cb_hrms.model.position.jobGrade.jobGradeLangService" singleton="false">
		<constructor-arg name="jobGradeLangDAO"><ref bean="jobgradeLangDAO"/></constructor-arg>
		<constructor-arg name="ModelBasePath"><value>${ModelBasePath}</value></constructor-arg>
	</bean>

	<bean id="jobsBean" class="cb_hrms.model.position.jobs.jobsBean" singleton="false"></bean>
	
	<bean id="jobsDAO" class="cb_hrms.model.position.jobs.jobsDAO" singleton="false">
		<constructor-arg name="dsnBean"><ref bean="datasourceBean"/></constructor-arg>
	</bean>
	
	<bean id="jobsService" class="cb_hrms.model.position.jobs.jobsService" singleton="false">
		<constructor-arg name="jobsDAO"><ref bean="jobsDAO"/></constructor-arg>
		<constructor-arg name="ModelBasePath"><value>${ModelBasePath}</value></constructor-arg>
	</bean>

	<bean id="jobsLangBean" class="cb_hrms.model.position.jobs.jobsLangBean" singleton="false"></bean>
	
	<bean id="jobsLangDAO" class="cb_hrms.model.position.jobs.jobsLangDAO" singleton="false">
		<constructor-arg name="dsnBean"><ref bean="datasourceBean"/></constructor-arg>
	</bean>
	
	<bean id="jobsLangService" class="cb_hrms.model.position.jobs.jobsLangService" singleton="false">
		<constructor-arg name="jobsLangDAO"><ref bean="jobsLangDAO"/></constructor-arg>
		<constructor-arg name="ModelBasePath"><value>${ModelBasePath}</value></constructor-arg>
	</bean>


	<bean id="jobRankBean" class="cb_hrms.model.position.jobRank.jobRankBean" singleton="false"></bean>
	
	<bean id="jobRankDAO" class="cb_hrms.model.position.jobRank.jobRankDAO" singleton="false">
		<constructor-arg name="dsnBean"><ref bean="datasourceBean"/></constructor-arg>
	</bean>
	
	<bean id="jobRankService" class="cb_hrms.model.position.jobRank.jobRankService" singleton="false">
		<constructor-arg name="jobRankDAO"><ref bean="jobrankDAO"/></constructor-arg>
		<constructor-arg name="ModelBasePath"><value>${ModelBasePath}</value></constructor-arg>
	</bean>

	<bean id="jobRankLangBean" class="cb_hrms.model.position.jobRank.jobRankLangBean" singleton="false"></bean>
	
	<bean id="jobRankLangDAO" class="cb_hrms.model.position.jobRank.jobRankLangDAO" singleton="false">
		<constructor-arg name="dsnBean"><ref bean="datasourceBean"/></constructor-arg>
	</bean>
	
	<bean id="jobRankLangService" class="cb_hrms.model.position.jobRank.jobRankLangService" singleton="false">
		<constructor-arg name="jobRankLangDAO"><ref bean="jobrankLangDAO"/></constructor-arg>
		<constructor-arg name="ModelBasePath"><value>${ModelBasePath}</value></constructor-arg>
	</bean>


	<bean id="jobTasksBean" class="cb_hrms.model.position.jobTasks.jobTasksBean" singleton="false"></bean>
	
	<bean id="jobTasksDAO" class="cb_hrms.model.position.jobTasks.jobTasksDAO" singleton="false">
		<constructor-arg name="dsnBean"><ref bean="datasourceBean"/></constructor-arg>
	</bean>
	
	<bean id="jobTasksService" class="cb_hrms.model.position.jobTasks.jobTasksService" singleton="false">
		<constructor-arg name="jobTasksDAO"><ref bean="jobTasksDAO"/></constructor-arg>
		<constructor-arg name="ModelBasePath"><value>${ModelBasePath}</value></constructor-arg>
	</bean>

	<bean id="jobTasksLangBean" class="cb_hrms.model.position.jobTasks.jobTasksLangBean" singleton="false"></bean>
	
	<bean id="jobTasksLangDAO" class="cb_hrms.model.position.jobTasks.jobTasksLangDAO" singleton="false">
		<constructor-arg name="dsnBean"><ref bean="datasourceBean"/></constructor-arg>
	</bean>
	
	<bean id="jobTasksLangService" class="cb_hrms.model.position.jobTasks.jobTasksLangService" singleton="false">
		<constructor-arg name="jobTasksLangDAO"><ref bean="jobTasksLangDAO"/></constructor-arg>
		<constructor-arg name="ModelBasePath"><value>${ModelBasePath}</value></constructor-arg>
	</bean>


	<!-- Policy and basic data -->
	<bean id="costcenterBean" class="cb_hrms.model.position.costCenter.costCenterBean" singleton="false"></bean>

	<bean id="costcenterDAO" class="cb_hrms.model.position.costCenter.costCenterDAO" singleton="false">
		<constructor-arg name="dsnBean"><ref bean="datasourceBean"/></constructor-arg>
	</bean>
	
	<bean id="costcenterService" class="cb_hrms.model.position.costCenter.costCenterService" singleton="false">
		<constructor-arg name="costCenterDAO"><ref bean="costcenterDAO"/></constructor-arg>
		<constructor-arg name="ModelBasePath"><value>${ModelBasePath}</value></constructor-arg>
	</bean>

	<bean id="costCenterLangBean" class="cb_hrms.model.position.costCenter.costCenterLangBean" singleton="false"></bean>

	<bean id="costCenterLangDAO" class="cb_hrms.model.position.costCenter.costCenterLangDAO" singleton="false">
		<constructor-arg name="dsnBean"><ref bean="datasourceBean"/></constructor-arg>
	</bean>
	
	<bean id="costCenterLangService" class="cb_hrms.model.position.costCenter.costCenterLangService" singleton="false">
		<constructor-arg name="costCenterLangDAO"><ref bean="costcenterLangDAO"/></constructor-arg>
		<constructor-arg name="ModelBasePath"><value>${ModelBasePath}</value></constructor-arg>
	</bean>

	
	<bean id="countryBean" class="cb_hrms.model.position.country.countryBean" singleton="false"></bean>
	
	<bean id="countryDAO" class="cb_hrms.model.position.country.countryDAO" singleton="false">
		<constructor-arg name="dsnBean"><ref bean="datasourceBean"/></constructor-arg>
	</bean>
	
	<bean id="countryService" class="cb_hrms.model.position.country.countryService" singleton="false">
		<constructor-arg name="countryDAO"><ref bean="countryDAO"/></constructor-arg>
		<constructor-arg name="ModelBasePath"><value>${ModelBasePath}</value></constructor-arg>
	</bean>
	
	<bean id="countryLangBean" class="cb_hrms.model.position.country.countryLangBean" singleton="false"></bean>
	
	<bean id="countryLangDAO" class="cb_hrms.model.position.country.countryLangDAO" singleton="false">
		<constructor-arg name="dsnBean"><ref bean="datasourceBean"/></constructor-arg>
	</bean>
	
	<bean id="countryLangService" class="cb_hrms.model.position.country.countryLangService" singleton="false">
		<constructor-arg name="countryLangDAO"><ref bean="countryLangDAO"/></constructor-arg>
		<constructor-arg name="ModelBasePath"><value>${ModelBasePath}</value></constructor-arg>
	</bean>

	
	<bean id="provinceBean" class="cb_hrms.model.position.province.provinceBean" singleton="false"></bean>
	
	<bean id="provinceDAO" class="cb_hrms.model.position.province.provinceDAO" singleton="false">
		<constructor-arg name="dsnBean"><ref bean="datasourceBean"/></constructor-arg>
	</bean>
	
	<bean id="provinceService" class="cb_hrms.model.position.province.provinceService" singleton="false">
		<constructor-arg name="provinceDAO"><ref bean="provinceDAO"/></constructor-arg>
		<constructor-arg name="ModelBasePath"><value>${ModelBasePath}</value></constructor-arg>
	</bean>

	<bean id="provinceLangBean" class="cb_hrms.model.position.province.provinceLangBean" singleton="false"></bean>
	
	<bean id="provinceLangDAO" class="cb_hrms.model.position.province.provinceLangDAO" singleton="false">
		<constructor-arg name="dsnBean"><ref bean="datasourceBean"/></constructor-arg>
	</bean>
	
	<bean id="provinceLangService" class="cb_hrms.model.position.province.provinceLangService" singleton="false">
		<constructor-arg name="provinceLangDAO"><ref bean="provinceLangDAO"/></constructor-arg>
		<constructor-arg name="ModelBasePath"><value>${ModelBasePath}</value></constructor-arg>
	</bean>
	

	<bean id="cityBean" class="cb_hrms.model.position.city.cityBean" singleton="false"></bean>
	
	<bean id="cityDAO" class="cb_hrms.model.position.city.cityDAO" singleton="false">
		<constructor-arg name="dsnBean"><ref bean="datasourceBean"/></constructor-arg>
	</bean>
	
	<bean id="cityService" class="cb_hrms.model.position.city.cityService" singleton="false">
		<constructor-arg name="cityDAO"><ref bean="cityDAO"/></constructor-arg>
		<constructor-arg name="ModelBasePath"><value>${ModelBasePath}</value></constructor-arg>
	</bean>

	<bean id="cityLangBean" class="cb_hrms.model.position.city.cityLangBean" singleton="false"></bean>
	
	<bean id="cityLangDAO" class="cb_hrms.model.position.city.cityLangDAO" singleton="false">
		<constructor-arg name="dsnBean"><ref bean="datasourceBean"/></constructor-arg>
	</bean>
	
	<bean id="cityLangService" class="cb_hrms.model.position.city.cityLangService" singleton="false">
		<constructor-arg name="cityLangDAO"><ref bean="cityLangDAO"/></constructor-arg>
		<constructor-arg name="ModelBasePath"><value>${ModelBasePath}</value></constructor-arg>
	</bean>

	
	<bean id="workFormBean" class="cb_hrms.model.position.workForm.workFormBean" singleton="false"></bean>
	
	<bean id="workFormDAO" class="cb_hrms.model.position.workForm.workFormDAO" singleton="false">
		<constructor-arg name="dsnBean"><ref bean="datasourceBean"/></constructor-arg>
	</bean>
	
	<bean id="workFormService" class="cb_hrms.model.position.workForm.workFormService" singleton="false">
		<constructor-arg name="workFormDAO"><ref bean="workFormDAO"/></constructor-arg>
		<constructor-arg name="ModelBasePath"><value>${ModelBasePath}</value></constructor-arg>
	</bean>

	<bean id="workFormLangBean" class="cb_hrms.model.position.workForm.workFormLangBean" singleton="false"></bean>
	
	<bean id="workFormLangDAO" class="cb_hrms.model.position.workForm.workFormLangDAO" singleton="false">
		<constructor-arg name="dsnBean"><ref bean="datasourceBean"/></constructor-arg>
	</bean>
	
	<bean id="workFormLangService" class="cb_hrms.model.position.workForm.workFormLangService" singleton="false">
		<constructor-arg name="workFormLangDAO"><ref bean="workFormLangDAO"/></constructor-arg>
		<constructor-arg name="ModelBasePath"><value>${ModelBasePath}</value></constructor-arg>
	</bean>


	<bean id="workLocationBean" class="cb_hrms.model.position.workLocation.workLocationBean" singleton="false"></bean>
	
	<bean id="workLocationDAO" class="cb_hrms.model.position.workLocation.workLocationDAO" singleton="false">
		<constructor-arg name="dsnBean"><ref bean="datasourceBean"/></constructor-arg>
	</bean>
	
	<bean id="workLocationService" class="cb_hrms.model.position.workLocation.workLocationService" singleton="false">
		<constructor-arg name="workLocationDAO"><ref bean="workLocationDAO"/></constructor-arg>
		<constructor-arg name="ModelBasePath"><value>${ModelBasePath}</value></constructor-arg>
	</bean>

	<bean id="workLocationLangBean" class="cb_hrms.model.position.workLocation.workLocationLangBean" singleton="false"></bean>
	
	<bean id="workLocationLangDAO" class="cb_hrms.model.position.workLocation.workLocationLangDAO" singleton="false">
		<constructor-arg name="dsnBean"><ref bean="datasourceBean"/></constructor-arg>
	</bean>
	
	<bean id="workLocationLangService" class="cb_hrms.model.position.workLocation.workLocationLangService" singleton="false">
		<constructor-arg name="workLocationLangDAO"><ref bean="workLocationLangDAO"/></constructor-arg>
		<constructor-arg name="ModelBasePath"><value>${ModelBasePath}</value></constructor-arg>
	</bean>
	
	
	<bean id="actionsBean" class="cb_hrms.model.position.actions.actionsBean" singleton="false"></bean>
	
	<bean id="actionsDAO" class="cb_hrms.model.position.actions.actionsDAO" singleton="false">
		<constructor-arg name="dsnBean"><ref bean="datasourceBean"/></constructor-arg>
	</bean>
	
	<bean id="actionsService" class="cb_hrms.model.position.actions.actionsService" singleton="false">
		<constructor-arg name="actionsDAO"><ref bean="actionsDAO"/></constructor-arg>
		<constructor-arg name="ModelBasePath"><value>${ModelBasePath}</value></constructor-arg>
	</bean>

	<bean id="actionsLangBean" class="cb_hrms.model.position.actions.actionsLangBean" singleton="false"></bean>
	
	<bean id="actionsLangDAO" class="cb_hrms.model.position.actions.actionsLangDAO" singleton="false">
		<constructor-arg name="dsnBean"><ref bean="datasourceBean"/></constructor-arg>
	</bean>
	
	<bean id="actionsLangService" class="cb_hrms.model.position.actions.actionsLangService" singleton="false">
		<constructor-arg name="actionsLangDAO"><ref bean="actionsLangDAO"/></constructor-arg>
		<constructor-arg name="ModelBasePath"><value>${ModelBasePath}</value></constructor-arg>
	</bean>


	<bean id="reasonsBean" class="cb_hrms.model.position.reasons.reasonsBean" singleton="false"></bean>
	
	<bean id="reasonsDAO" class="cb_hrms.model.position.reasons.reasonsDAO" singleton="false">
		<constructor-arg name="dsnBean"><ref bean="datasourceBean"/></constructor-arg>
	</bean>
	
	<bean id="reasonsService" class="cb_hrms.model.position.reasons.reasonsService" singleton="false">
		<constructor-arg name="reasonsDAO"><ref bean="reasonsDAO"/></constructor-arg>
		<constructor-arg name="ModelBasePath"><value>${ModelBasePath}</value></constructor-arg>
	</bean>

	<bean id="reasonsLangBean" class="cb_hrms.model.position.reasons.reasonsLangBean" singleton="false"></bean>
	
	<bean id="reasonsLangDAO" class="cb_hrms.model.position.reasons.reasonsLangDAO" singleton="false">
		<constructor-arg name="dsnBean"><ref bean="datasourceBean"/></constructor-arg>
	</bean>
	
	<bean id="reasonsLangService" class="cb_hrms.model.position.reasons.reasonsLangService" singleton="false">
		<constructor-arg name="reasonsLangDAO"><ref bean="reasonsLangDAO"/></constructor-arg>
		<constructor-arg name="ModelBasePath"><value>${ModelBasePath}</value></constructor-arg>
	</bean>


	<bean id="positionsBean" class="cb_hrms.model.position.positions.positionsBean" singleton="false"></bean>
	
	<bean id="positionsDAO" class="cb_hrms.model.position.positions.positionsDAO" singleton="false">
		<constructor-arg name="dsnBean"><ref bean="datasourceBean"/></constructor-arg>
	</bean>
	
	<bean id="positionsService" class="cb_hrms.model.position.positions.positionsService" singleton="false">
		<constructor-arg name="positionsDAO"><ref bean="positionsDAO"/></constructor-arg>
		<constructor-arg name="ModelBasePath"><value>${ModelBasePath}</value></constructor-arg>
	</bean>
	
	<bean id="positionsLangBean" class="cb_hrms.model.position.positions.positionsLangBean" singleton="false"></bean>
	
	<bean id="positionsLangDAO" class="cb_hrms.model.position.positions.positionsLangDAO" singleton="false">
		<constructor-arg name="dsnBean"><ref bean="datasourceBean"/></constructor-arg>
	</bean>
	
	<bean id="positionsLangService" class="cb_hrms.model.position.positions.positionsLangService" singleton="false">
		<constructor-arg name="positionsLangDAO"><ref bean="positionsLangDAO"/></constructor-arg>
		<constructor-arg name="ModelBasePath"><value>${ModelBasePath}</value></constructor-arg>
	</bean>
	
	
	<bean id="positionTasksBean" class="cb_hrms.model.position.positionTasks.positionTasksBean" singleton="false"></bean>
	
	<bean id="positionTasksDAO" class="cb_hrms.model.position.positionTasks.positionTasksDAO" singleton="false">
		<constructor-arg name="dsnBean"><ref bean="datasourceBean"/></constructor-arg>
	</bean>
	
	<bean id="positionTasksService" class="cb_hrms.model.position.positionTasks.positionTasksService" singleton="false">
		<constructor-arg name="positionTasksDAO"><ref bean="positionTasksDAO"/></constructor-arg>
		<constructor-arg name="ModelBasePath"><value>${ModelBasePath}</value></constructor-arg>
	</bean>
	
	<bean id="positionTasksLangBean" class="cb_hrms.model.position.positionTasks.positionTasksLangBean" singleton="false"></bean>
	
	<bean id="positionTasksLangDAO" class="cb_hrms.model.position.positionTasks.positionTasksLangDAO" singleton="false">
		<constructor-arg name="dsnBean"><ref bean="datasourceBean"/></constructor-arg>
	</bean>
	
	<bean id="positionTasksLangService" class="cb_hrms.model.position.positionTasks.positionTasksLangService" singleton="false">
		<constructor-arg name="positionTasksLangDAO"><ref bean="positionTasksLangDAO"/></constructor-arg>
		<constructor-arg name="ModelBasePath"><value>${ModelBasePath}</value></constructor-arg>
	</bean>
	
	<bean id="positionQualificationsBean" class="cb_hrms.model.position.positionQualifications.positionQualificationsBean" singleton="false"></bean>
	
	<bean id="positionQualificationsDAO" class="cb_hrms.model.position.positionQualifications.positionQualificationsDAO" singleton="false">
		<constructor-arg name="dsnBean"><ref bean="datasourceBean"/></constructor-arg>
	</bean>
	
	<bean id="positionQualificationsService" class="cb_hrms.model.position.positionQualifications.positionQualificationsService" singleton="false">
		<constructor-arg name="positionQualificationsDAO"><ref bean="positionQualificationsDAO"/></constructor-arg>
		<constructor-arg name="ModelBasePath"><value>${ModelBasePath}</value></constructor-arg>
	</bean>

	<bean id="positionQualificationsLangBean" class="cb_hrms.model.position.positionQualifications.positionQualificationsLangBean" singleton="false"></bean>
	
	<bean id="positionQualificationsLangDAO" class="cb_hrms.model.position.positionQualifications.positionQualificationsLangDAO" singleton="false">
		<constructor-arg name="dsnBean"><ref bean="datasourceBean"/></constructor-arg>
	</bean>
	
	<bean id="positionQualificationsLangService" class="cb_hrms.model.position.positionQualifications.positionQualificationsLangService" singleton="false">
		<constructor-arg name="positionQualificationsLangDAO"><ref bean="positionQualificationsLangDAO"/></constructor-arg>
		<constructor-arg name="ModelBasePath"><value>${ModelBasePath}</value></constructor-arg>
	</bean>
	

	<bean id="payBandBean" class="cb_hrms.model.position.payBand.payBandBean" singleton="false"></bean>
	
	<bean id="payBandDAO" class="cb_hrms.model.position.payBand.payBandDAO" singleton="false">
		<constructor-arg name="dsnBean"><ref bean="datasourceBean"/></constructor-arg>
	</bean>
	
	<bean id="payBandService" class="cb_hrms.model.position.payBand.payBandService" singleton="false">
		<constructor-arg name="payBandDAO"><ref bean="payBandDAO"/></constructor-arg>
		<constructor-arg name="ModelBasePath"><value>${ModelBasePath}</value></constructor-arg>
	</bean>

	<bean id="payBandLangBean" class="cb_hrms.model.position.payBand.payBandLangBean" singleton="false"></bean>
	
	<bean id="payBandLangDAO" class="cb_hrms.model.position.payBand.payBandLangDAO" singleton="false">
		<constructor-arg name="dsnBean"><ref bean="datasourceBean"/></constructor-arg>
	</bean>
	
	<bean id="payBandLangService" class="cb_hrms.model.position.payBand.payBandLangService" singleton="false">
		<constructor-arg name="payBandLangDAO"><ref bean="payBandLangDAO"/></constructor-arg>
		<constructor-arg name="ModelBasePath"><value>${ModelBasePath}</value></constructor-arg>
	</bean>


	<bean id="salaryPolicyBean" class="cb_hrms.model.position.salaryPolicy.salaryPolicyBean" singleton="false"></bean>
	
	<bean id="salaryPolicyDAO" class="cb_hrms.model.position.salaryPolicy.salaryPolicyDAO" singleton="false">
		<constructor-arg name="dsnBean"><ref bean="datasourceBean"/></constructor-arg>
	</bean>
	
	<bean id="salaryPolicyService" class="cb_hrms.model.position.salaryPolicy.salaryPolicyService" singleton="false">
		<constructor-arg name="salaryPolicyDAO"><ref bean="salaryPolicyDAO"/></constructor-arg>
		<constructor-arg name="ModelBasePath"><value>${ModelBasePath}</value></constructor-arg>
	</bean>

	<bean id="salaryPolicyLangBean" class="cb_hrms.model.position.salaryPolicy.salaryPolicyLangBean" singleton="false"></bean>
	
	<bean id="salaryPolicyLangDAO" class="cb_hrms.model.position.salaryPolicy.salaryPolicyLangDAO" singleton="false">
		<constructor-arg name="dsnBean"><ref bean="datasourceBean"/></constructor-arg>
	</bean>
	
	<bean id="salaryPolicyLangService" class="cb_hrms.model.position.salaryPolicy.salaryPolicyLangService" singleton="false">
		<constructor-arg name="salaryPolicyLangDAO"><ref bean="salaryPolicyLangDAO"/></constructor-arg>
		<constructor-arg name="ModelBasePath"><value>${ModelBasePath}</value></constructor-arg>
	</bean>


	<bean id="locationPayBandBean" class="cb_hrms.model.position.locationPayBand.locationPayBandBean" singleton="false"></bean>
	
	<bean id="locationPayBandDAO" class="cb_hrms.model.position.locationPayBand.locationPayBandDAO" singleton="false">
		<constructor-arg name="dsnBean"><ref bean="datasourceBean"/></constructor-arg>
	</bean>
	
	<bean id="locationPayBandService" class="cb_hrms.model.position.locationPayBand.locationPayBandService" singleton="false">
		<constructor-arg name="locationPayBandDAO"><ref bean="locationPayBandDAO"/></constructor-arg>
		<constructor-arg name="ModelBasePath"><value>${ModelBasePath}</value></constructor-arg>
	</bean>
	
	<!--
	<bean id="jobTypeQualificationsBean" class="cb_hrms.model.jobTypeQualifications.jobTypeQualificationsBean" singleton="false"></bean>
	
	<bean id="jobTypeQualificationsDAO" class="cb_hrms.model.jobTypeQualifications.jobTypeQualificationsDAO" singleton="false">
		<constructor-arg name="dsnBean"><ref bean="datasourceBean"/></constructor-arg>
	</bean>
	
	<bean id="jobTypeQualificationsService" class="cb_hrms.model.jobTypeQualifications.jobTypeQualificationsService" singleton="false">
		<constructor-arg name="jobTypeQualificationsDAO"><ref bean="jobTypeQualificationsDAO"/></constructor-arg>
		<constructor-arg name="ModelBasePath"><value>${ModelBasePath}</value></constructor-arg>
	</bean>
	
		

	-->

</beans>
