<?xml version="1.0" encoding="UTF-8"?>
<beans default-autowire="byName">
	
	<!-- report start -->
	<bean id="reportDAO" class="cb_hrms.model.rpt.report.reportDAO" singleton="false">
		<constructor-arg name="dsnBean"><ref bean="datasourceBean"/></constructor-arg>
	</bean>
	
	<bean id="reportService" class="cb_hrms.model.rpt.report.reportService" singleton="false">
		<constructor-arg name="reportDAO"><ref bean="reportDAO"/></constructor-arg>
		<constructor-arg name="ModelBasePath"><value>${ModelBasePath}</value></constructor-arg>
	</bean>
	<bean id="rptreport_rptreportBean" class="cb_hrms.model.rpt.rptReport.rptReportBean" singleton="false"></bean>
	
	<bean id="rptreport_rptreportDAO" class="cb_hrms.model.rpt.rptReport.rptReportDAO" singleton="false">
		<constructor-arg name="dsnBean"><ref bean="datasourceBean"/></constructor-arg>
	</bean>
	
	<bean id="rptreport_rptreportService" class="cb_hrms.model.rpt.rptReport.rptReportService" singleton="false">
		<constructor-arg name="rptReportDAO"><ref bean="rptreport_rptreportDAO"/></constructor-arg>
		<constructor-arg name="ModelBasePath"><value>${ModelBasePath}</value></constructor-arg>
	</bean>
	
	<bean id="rptreport_rptreportLangBean" class="cb_hrms.model.rpt.rptReport.rptReportLangBean" singleton="false"></bean>
	
	<bean id="rptreport_rptreportLangDAO" class="cb_hrms.model.rpt.rptReport.rptReportLangDAO" singleton="false">
		<constructor-arg name="dsnBean"><ref bean="datasourceBean"/></constructor-arg>
	</bean>
	
	<bean id="rptreport_rptreportLangService" class="cb_hrms.model.rpt.rptReport.rptReportLangService" singleton="false">
		<constructor-arg name="rptReportLangDAO"><ref bean="rptreport_rptreportLangDAO"/></constructor-arg>
		<constructor-arg name="ModelBasePath"><value>${ModelBasePath}</value></constructor-arg>
	</bean>
	
	<bean id="rpti18n_rpti18nBean" class="cb_hrms.model.rpt.rptI18n.rptI18nBean" singleton="false"></bean>
	
	<bean id="rpti18n_rpti18nDAO" class="cb_hrms.model.rpt.rptI18n.rptI18nDAO" singleton="false">
		<constructor-arg name="dsnBean"><ref bean="datasourceBean"/></constructor-arg>
	</bean>
	
	<bean id="rpti18n_rpti18nService" class="cb_hrms.model.rpt.rptI18n.rptI18nService" singleton="false">
		<constructor-arg name="rptI18nDAO"><ref bean="rpti18n_rpti18nDAO"/></constructor-arg>
		<constructor-arg name="ModelBasePath"><value>${ModelBasePath}</value></constructor-arg>
	</bean>
	
	<bean id="rptreporti18n_rptreporti18nBean" class="cb_hrms.model.rpt.rptReportI18n.rptReportI18nBean" singleton="false"></bean>
	
	<bean id="rptreporti18n_rptreporti18nDAO" class="cb_hrms.model.rpt.rptReportI18n.rptReportI18nDAO" singleton="false">
		<constructor-arg name="dsnBean"><ref bean="datasourceBean"/></constructor-arg>
	</bean>
	
	<bean id="rptreporti18n_rptreporti18nService" class="cb_hrms.model.rpt.rptReportI18n.rptReportI18nService" singleton="false">
		<constructor-arg name="rptReportI18nDAO"><ref bean="rptreporti18n_rptreporti18nDAO"/></constructor-arg>
		<constructor-arg name="ModelBasePath"><value>${ModelBasePath}</value></constructor-arg>
	</bean>
	
	<bean id="rptdatasourcegroup_rptdatasourcegroupBean" class="cb_hrms.model.rpt.rptDataSourceGroup.rptDataSourceGroupBean" singleton="false"></bean>
	
	<bean id="rptdatasourcegroup_rptdatasourcegroupDAO" class="cb_hrms.model.rpt.rptDataSourceGroup.rptDataSourceGroupDAO" singleton="false">
		<constructor-arg name="dsnBean"><ref bean="datasourceBean"/></constructor-arg>
	</bean>
	
	<bean id="rptdatasourcegroup_rptdatasourcegroupService" class="cb_hrms.model.rpt.rptDataSourceGroup.rptDataSourceGroupService" singleton="false">
		<constructor-arg name="rptDataSourceGroupDAO"><ref bean="rptdatasourcegroup_rptdatasourcegroupDAO"/></constructor-arg>
		<constructor-arg name="ModelBasePath"><value>${ModelBasePath}</value></constructor-arg>
	</bean>
	
	<bean id="rptdatasource_rptdatasourceBean" class="cb_hrms.model.rpt.rptDatasource.rptDatasourceBean" singleton="false"></bean>
	
	<bean id="rptdatasource_rptdatasourceDAO" class="cb_hrms.model.rpt.rptDatasource.rptDatasourceDAO" singleton="false">
		<constructor-arg name="dsnBean"><ref bean="datasourceBean"/></constructor-arg>
	</bean>
	
	<bean id="rptdatasource_rptdatasourceService" class="cb_hrms.model.rpt.rptDatasource.rptDatasourceService" singleton="false">
		<constructor-arg name="rptDatasourceDAO"><ref bean="rptdatasource_rptdatasourceDAO"/></constructor-arg>
		<constructor-arg name="ModelBasePath"><value>${ModelBasePath}</value></constructor-arg>
	</bean>
	
	<bean id="rptparameters_rptparametersBean" class="cb_hrms.model.rpt.rptParameters.rptParametersBean" singleton="false"></bean>
	
	<bean id="rptparameters_rptparametersDAO" class="cb_hrms.model.rpt.rptParameters.rptParametersDAO" singleton="false">
		<constructor-arg name="dsnBean"><ref bean="datasourceBean"/></constructor-arg>
	</bean>
	
	<bean id="rptparameters_rptparametersService" class="cb_hrms.model.rpt.rptParameters.rptParametersService" singleton="false">
		<constructor-arg name="rptParametersDAO"><ref bean="rptparameters_rptparametersDAO"/></constructor-arg>
		<constructor-arg name="ModelBasePath"><value>${ModelBasePath}</value></constructor-arg>
	</bean>
	
	<bean id="rptparameters_rptparametersLangBean" class="cb_hrms.model.rpt.rptParameters.rptParametersLangBean" singleton="false"></bean>
	
	<bean id="rptparameters_rptparametersLangDAO" class="cb_hrms.model.rpt.rptParameters.rptParametersLangDAO" singleton="false">
		<constructor-arg name="dsnBean"><ref bean="datasourceBean"/></constructor-arg>
	</bean>
	
	<bean id="rptparameters_rptparametersLangService" class="cb_hrms.model.rpt.rptParameters.rptParametersLangService" singleton="false">
		<constructor-arg name="rptParametersLangDAO"><ref bean="rptparameters_rptparametersLangDAO"/></constructor-arg>
		<constructor-arg name="ModelBasePath"><value>${ModelBasePath}</value></constructor-arg>
	</bean>
	
	<bean id="rptreportparam_rptreportparamBean" class="cb_hrms.model.rpt.rptReportParam.rptReportParamBean" singleton="false"></bean>
	
	<bean id="rptreportparam_rptreportparamDAO" class="cb_hrms.model.rpt.rptReportParam.rptReportParamDAO" singleton="false">
		<constructor-arg name="dsnBean"><ref bean="datasourceBean"/></constructor-arg>
	</bean>
	
	<bean id="rptreportparam_rptreportparamService" class="cb_hrms.model.rpt.rptReportParam.rptReportParamService" singleton="false">
		<constructor-arg name="rptReportParamDAO"><ref bean="rptreportparam_rptreportparamDAO"/></constructor-arg>
		<constructor-arg name="ModelBasePath"><value>${ModelBasePath}</value></constructor-arg>
	</bean>
	
	<bean id="rptreporttemplate_rptreporttemplateBean" class="cb_hrms.model.rpt.rptReportTemplate.rptReportTemplateBean" singleton="false"></bean>
	
	<bean id="rptreporttemplate_rptreporttemplateDAO" class="cb_hrms.model.rpt.rptReportTemplate.rptReportTemplateDAO" singleton="false">
		<constructor-arg name="dsnBean"><ref bean="datasourceBean"/></constructor-arg>
	</bean>
	
	<bean id="rptreporttemplate_rptreporttemplateService" class="cb_hrms.model.rpt.rptReportTemplate.rptReportTemplateService" singleton="false">
		<constructor-arg name="rptReportTemplateDAO"><ref bean="rptreporttemplate_rptreporttemplateDAO"/></constructor-arg>
		<constructor-arg name="ModelBasePath"><value>${ModelBasePath}</value></constructor-arg>
	</bean>
	
	<!-- report end -->

</beans>