<?xml version="1.0" encoding="UTF-8"?>
<beans default-autowire="byName">
	
	<bean id="scheduleDAO" class="cb_hrms.model.schedule.ScheduleDAO" singleton="false">
		<constructor-arg name="dsnBean"><ref bean="datasourceBean"/></constructor-arg>
	</bean>
	
	<bean id="scheduleService" class="cb_hrms.model.schedule.ScheduleService" singleton="false">
		<constructor-arg name="scheduleDAO"><ref bean="scheduleDAO"/></constructor-arg>
		<constructor-arg name="ModelBasePath"><value>${ModelBasePath}</value></constructor-arg>
	</bean>
	
</beans>