<?xml version="1.0" encoding="UTF-8"?>
<beans default-autowire="byName">
	
	<!-- WorkFlow JBPM -->
	<bean id="jbpmDAO" class="cb_hrms.model.workFlow.jbpmDAO" singleton="false">
		<constructor-arg name="dsnBean"><ref bean="datasourceBean"/></constructor-arg>
	</bean>
	<bean id="jbpmService" class="cb_hrms.model.workFlow.jbpmService" singleton="false">
		<constructor-arg name="jbpmDAO"><ref bean="jbpmDAO"/></constructor-arg>
		<constructor-arg name="ModelBasePath"><value>${ModelBasePath}</value></constructor-arg>
	</bean>
	<bean id="assignDAO" class="cb_hrms.model.workFlow.AssignDAO" singleton="false">
		<constructor-arg name="dsnBean"><ref bean="datasourceBean"/></constructor-arg>
	</bean>
	<bean id="assignService" class="cb_hrms.model.workFlow.AssignService" singleton="false">
		<constructor-arg name="assignDAO"><ref bean="assignDAO"/></constructor-arg>
		<constructor-arg name="ModelBasePath"><value>${ModelBasePath}</value></constructor-arg>
	</bean>
	<bean id="decisionDAO" class="cb_hrms.model.workFlow.DecisionDAO" singleton="false">
		<constructor-arg name="dsnBean"><ref bean="datasourceBean"/></constructor-arg>
	</bean>
	<bean id="decisionService" class="cb_hrms.model.workFlow.DecisionService" singleton="false">
		<constructor-arg name="decisionDAO"><ref bean="decisionDAO"/></constructor-arg>
		<constructor-arg name="ModelBasePath"><value>${ModelBasePath}</value></constructor-arg>
	</bean> 
	<bean id="jobDAO" class="cb_hrms.model.workFlow.JobDAO" singleton="false">
		<constructor-arg name="dsnBean"><ref bean="datasourceBean"/></constructor-arg>
	</bean>
	<bean id="jobService" class="cb_hrms.model.workFlow.JobService" singleton="false">
		<constructor-arg name="jobDAO"><ref bean="jobDAO"/></constructor-arg>
		<constructor-arg name="ModelBasePath"><value>${ModelBasePath}</value></constructor-arg>
	</bean> 
	<bean id="emailConfDAO" class="cb_hrms.model.email.EmailConfDAO" singleton="false">
		<constructor-arg name="dsnBean"><ref bean="datasourceBean"/></constructor-arg>
	</bean>
	<bean id="emailConfService" class="cb_hrms.model.email.EmailConfService" singleton="false">
		<constructor-arg name="emailConfDAO"><ref bean="emailConfDAO"/></constructor-arg>
		<constructor-arg name="ModelBasePath"><value>${ModelBasePath}</value></constructor-arg>
	</bean>
	
</beans>
