<?xml version="1.0" encoding="UTF-8"?>
<beans default-autowire="byName">
	<!-- ATTENDANCE -->
	<import resource="config/modules/attendance.xml" />
	<!-- ELEAVE -->
	<import resource="config/modules/eleave.xml" />
	<!-- PayRoll -->
	<import resource="config/modules/payroll.xml" />
	<!-- Leave -->
	<import resource="config/modules/leave.xml" />
	<!-- Performance -->
	<import resource="config/modules/performance.xml" />
	<!-- Org Chart -->
	<import resource="config/modules/orgstruct.xml" />
	<!-- Position Chart -->
	<import resource="config/modules/position.xml" />
	<!-- Personal Chart -->
	<import resource="config/modules/personnel.xml" />
</beans>


